event_month,defect_type,process_step,units_inspected,defect_count,opportunities_per_unit,dpmo,root_cause_code,copa_required_flag
2020-01-01,wrongly_assembled,assembly,1495,12,7,1146.7,wrong_bin,False
2020-01-01,missing_component,kitting,1495,2,10,133.8,rush_overload,False
2020-01-01,damaged_return,customer_return,1495,0,1,0.0,training_gap,False
2020-01-01,cosmetic_defect,inspection,1495,8,5,1070.2,supplier_variation,False
2020-01-01,late_shipment,shipping,1495,24,1,16053.5,unclear_work_instruction,False
2020-01-01,packaging_error,packaging,1495,7,3,1560.8,training_gap,False
2020-01-01,hair_detachment,assembly,1495,5,1,3344.5,unclear_work_instruction,True
2020-01-01,torso_seam_defect,torso,1495,3,2,1003.3,unclear_work_instruction,False
2020-02-01,wrongly_assembled,assembly,1278,4,7,447.1,tool_jig_issue,False
2020-02-01,missing_component,kitting,1278,1,10,78.2,supplier_variation,False
2020-02-01,damaged_return,customer_return,1278,8,1,6259.8,shipping_damage,True
2020-02-01,cosmetic_defect,inspection,1278,4,5,626.0,supplier_variation,False
2020-02-01,late_shipment,shipping,1278,14,1,10954.6,unclear_work_instruction,False
2020-02-01,packaging_error,packaging,1278,0,3,0.0,unclear_work_instruction,False
2020-02-01,hair_detachment,assembly,1278,3,1,2347.4,rush_overload,False
2020-02-01,torso_seam_defect,torso,1278,2,2,782.5,supplier_variation,False
2020-03-01,wrongly_assembled,assembly,1639,15,7,1307.4,training_gap,True
2020-03-01,missing_component,kitting,1639,4,10,244.1,shipping_damage,False
2020-03-01,damaged_return,customer_return,1639,9,1,5491.2,wrong_bin,True
2020-03-01,cosmetic_defect,inspection,1639,5,5,610.1,rush_overload,False
2020-03-01,late_shipment,shipping,1639,24,1,14643.1,wrong_bin,False
2020-03-01,packaging_error,packaging,1639,5,3,1016.9,shipping_damage,False
2020-03-01,hair_detachment,assembly,1639,4,1,2440.5,shipping_damage,True
2020-03-01,torso_seam_defect,torso,1639,2,2,610.1,tool_jig_issue,False
2020-04-01,wrongly_assembled,assembly,1298,5,7,550.3,training_gap,False
2020-04-01,missing_component,kitting,1298,3,10,231.1,training_gap,False
2020-04-01,damaged_return,customer_return,1298,4,1,3081.7,wrong_bin,False
2020-04-01,cosmetic_defect,inspection,1298,2,5,308.2,wrong_bin,False
2020-04-01,late_shipment,shipping,1298,15,1,11556.2,wrong_bin,False
2020-04-01,packaging_error,packaging,1298,0,3,0.0,training_gap,False
2020-04-01,hair_detachment,assembly,1298,2,1,1540.8,supplier_variation,False
2020-04-01,torso_seam_defect,torso,1298,5,2,1926.0,supplier_variation,True
2020-05-01,wrongly_assembled,assembly,1265,4,7,451.7,tool_jig_issue,False
2020-05-01,missing_component,kitting,1265,3,10,237.2,tool_jig_issue,False
2020-05-01,damaged_return,customer_return,1265,4,1,3162.1,rush_overload,False
2020-05-01,cosmetic_defect,inspection,1265,9,5,1422.9,wrong_bin,True
2020-05-01,late_shipment,shipping,1265,18,1,14229.2,rush_overload,False
2020-05-01,packaging_error,packaging,1265,1,3,263.5,rush_overload,False
2020-05-01,hair_detachment,assembly,1265,2,1,1581.0,tool_jig_issue,False
2020-05-01,torso_seam_defect,torso,1265,2,2,790.5,training_gap,False
2020-06-01,wrongly_assembled,assembly,1162,7,7,860.6,wrong_bin,False
2020-06-01,missing_component,kitting,1162,3,10,258.2,tool_jig_issue,False
2020-06-01,damaged_return,customer_return,1162,5,1,4302.9,supplier_variation,True
2020-06-01,cosmetic_defect,inspection,1162,2,5,344.2,supplier_variation,False
2020-06-01,late_shipment,shipping,1162,14,1,12048.2,supplier_variation,False
2020-06-01,packaging_error,packaging,1162,4,3,1147.4,tool_jig_issue,False
2020-06-01,hair_detachment,assembly,1162,1,1,860.6,supplier_variation,False
2020-06-01,torso_seam_defect,torso,1162,1,2,430.3,shipping_damage,False
2020-07-01,wrongly_assembled,assembly,1278,5,7,558.9,tool_jig_issue,False
2020-07-01,missing_component,kitting,1278,3,10,234.7,unclear_work_instruction,False
2020-07-01,damaged_return,customer_return,1278,4,1,3129.9,unclear_work_instruction,False
2020-07-01,cosmetic_defect,inspection,1278,6,5,939.0,shipping_damage,False
2020-07-01,late_shipment,shipping,1278,19,1,14867.0,unclear_work_instruction,False
2020-07-01,packaging_error,packaging,1278,4,3,1043.3,tool_jig_issue,False
2020-07-01,hair_detachment,assembly,1278,1,1,782.5,rush_overload,False
2020-07-01,torso_seam_defect,torso,1278,3,2,1173.7,supplier_variation,False
2020-08-01,wrongly_assembled,assembly,1281,9,7,1003.7,shipping_damage,False
2020-08-01,missing_component,kitting,1281,2,10,156.1,shipping_damage,False
2020-08-01,damaged_return,customer_return,1281,4,1,3122.6,wrong_bin,False
2020-08-01,cosmetic_defect,inspection,1281,8,5,1249.0,shipping_damage,True
2020-08-01,late_shipment,shipping,1281,16,1,12490.2,rush_overload,False
2020-08-01,packaging_error,packaging,1281,4,3,1040.9,supplier_variation,False
2020-08-01,hair_detachment,assembly,1281,3,1,2341.9,shipping_damage,False
2020-08-01,torso_seam_defect,torso,1281,3,2,1171.0,shipping_damage,False
2020-09-01,wrongly_assembled,assembly,1187,9,7,1083.2,shipping_damage,False
2020-09-01,missing_component,kitting,1187,4,10,337.0,rush_overload,True
2020-09-01,damaged_return,customer_return,1187,3,1,2527.4,training_gap,False
2020-09-01,cosmetic_defect,inspection,1187,1,5,168.5,shipping_damage,False
2020-09-01,late_shipment,shipping,1187,7,1,5897.2,training_gap,False
2020-09-01,packaging_error,packaging,1187,3,3,842.5,supplier_variation,False
2020-09-01,hair_detachment,assembly,1187,2,1,1684.9,rush_overload,False
2020-09-01,torso_seam_defect,torso,1187,2,2,842.5,wrong_bin,False
2020-10-01,wrongly_assembled,assembly,1755,18,7,1465.2,tool_jig_issue,True
2020-10-01,missing_component,kitting,1755,1,10,57.0,unclear_work_instruction,False
2020-10-01,damaged_return,customer_return,1755,3,1,1709.4,supplier_variation,False
2020-10-01,cosmetic_defect,inspection,1755,8,5,911.7,supplier_variation,False
2020-10-01,late_shipment,shipping,1755,21,1,11965.8,shipping_damage,False
2020-10-01,packaging_error,packaging,1755,1,3,189.9,wrong_bin,False
2020-10-01,hair_detachment,assembly,1755,5,1,2849.0,shipping_damage,True
2020-10-01,torso_seam_defect,torso,1755,4,2,1139.6,shipping_damage,False
2020-11-01,wrongly_assembled,assembly,2231,19,7,1216.6,wrong_bin,False
2020-11-01,missing_component,kitting,2231,3,10,134.5,tool_jig_issue,False
2020-11-01,damaged_return,customer_return,2231,9,1,4034.1,unclear_work_instruction,False
2020-11-01,cosmetic_defect,inspection,2231,19,5,1703.3,training_gap,True
2020-11-01,late_shipment,shipping,2231,39,1,17481.0,unclear_work_instruction,False
2020-11-01,packaging_error,packaging,2231,6,3,896.5,tool_jig_issue,False
2020-11-01,hair_detachment,assembly,2231,4,1,1792.9,training_gap,False
2020-11-01,torso_seam_defect,torso,2231,3,2,672.3,unclear_work_instruction,False
2020-12-01,wrongly_assembled,assembly,2306,22,7,1362.9,training_gap,False
2020-12-01,missing_component,kitting,2306,3,10,130.1,rush_overload,False
2020-12-01,damaged_return,customer_return,2306,8,1,3469.2,training_gap,False
2020-12-01,cosmetic_defect,inspection,2306,15,5,1301.0,unclear_work_instruction,False
2020-12-01,late_shipment,shipping,2306,44,1,19080.7,shipping_damage,False
2020-12-01,packaging_error,packaging,2306,7,3,1011.9,tool_jig_issue,False
2020-12-01,hair_detachment,assembly,2306,5,1,2168.3,rush_overload,False
2020-12-01,torso_seam_defect,torso,2306,1,2,216.8,wrong_bin,False
2021-01-01,wrongly_assembled,assembly,1540,9,7,834.9,tool_jig_issue,False
2021-01-01,missing_component,kitting,1540,4,10,259.7,unclear_work_instruction,False
2021-01-01,damaged_return,customer_return,1540,8,1,5194.8,wrong_bin,False
2021-01-01,cosmetic_defect,inspection,1540,10,5,1298.7,tool_jig_issue,False
2021-01-01,late_shipment,shipping,1540,23,1,14935.1,unclear_work_instruction,False
2021-01-01,packaging_error,packaging,1540,11,3,2381.0,supplier_variation,True
2021-01-01,hair_detachment,assembly,1540,4,1,2597.4,unclear_work_instruction,False
2021-01-01,torso_seam_defect,torso,1540,1,2,324.7,shipping_damage,False
2021-02-01,wrongly_assembled,assembly,1289,7,7,775.8,unclear_work_instruction,False
2021-02-01,missing_component,kitting,1289,5,10,387.9,unclear_work_instruction,True
2021-02-01,damaged_return,customer_return,1289,7,1,5430.6,rush_overload,True
2021-02-01,cosmetic_defect,inspection,1289,5,5,775.8,training_gap,False
2021-02-01,late_shipment,shipping,1289,16,1,12412.7,wrong_bin,False
2021-02-01,packaging_error,packaging,1289,1,3,258.6,rush_overload,False
2021-02-01,hair_detachment,assembly,1289,3,1,2327.4,training_gap,False
2021-02-01,torso_seam_defect,torso,1289,2,2,775.8,supplier_variation,False
2021-03-01,wrongly_assembled,assembly,1680,15,7,1275.5,shipping_damage,True
2021-03-01,missing_component,kitting,1680,1,10,59.5,training_gap,False
2021-03-01,damaged_return,customer_return,1680,8,1,4761.9,training_gap,True
2021-03-01,cosmetic_defect,inspection,1680,6,5,714.3,shipping_damage,False
2021-03-01,late_shipment,shipping,1680,20,1,11904.8,training_gap,False
2021-03-01,packaging_error,packaging,1680,9,3,1785.7,wrong_bin,True
2021-03-01,hair_detachment,assembly,1680,2,1,1190.5,rush_overload,False
2021-03-01,torso_seam_defect,torso,1680,5,2,1488.1,supplier_variation,True
2021-04-01,wrongly_assembled,assembly,1346,7,7,742.9,unclear_work_instruction,False
2021-04-01,missing_component,kitting,1346,0,10,0.0,unclear_work_instruction,False
2021-04-01,damaged_return,customer_return,1346,2,1,1485.9,shipping_damage,False
2021-04-01,cosmetic_defect,inspection,1346,3,5,445.8,tool_jig_issue,False
2021-04-01,late_shipment,shipping,1346,17,1,12630.0,unclear_work_instruction,False
2021-04-01,packaging_error,packaging,1346,7,3,1733.5,wrong_bin,True
2021-04-01,hair_detachment,assembly,1346,0,1,0.0,training_gap,False
2021-04-01,torso_seam_defect,torso,1346,6,2,2228.8,shipping_damage,True
2021-05-01,wrongly_assembled,assembly,1254,5,7,569.6,wrong_bin,False
2021-05-01,missing_component,kitting,1254,6,10,478.5,training_gap,True
2021-05-01,damaged_return,customer_return,1254,2,1,1594.9,tool_jig_issue,False
2021-05-01,cosmetic_defect,inspection,1254,8,5,1275.9,rush_overload,True
2021-05-01,late_shipment,shipping,1254,9,1,7177.0,tool_jig_issue,False
2021-05-01,packaging_error,packaging,1254,3,3,797.4,tool_jig_issue,False
2021-05-01,hair_detachment,assembly,1254,1,1,797.4,shipping_damage,False
2021-05-01,torso_seam_defect,torso,1254,1,2,398.7,rush_overload,False
2021-06-01,wrongly_assembled,assembly,1284,9,7,1001.3,training_gap,False
2021-06-01,missing_component,kitting,1284,6,10,467.3,training_gap,True
2021-06-01,damaged_return,customer_return,1284,6,1,4672.9,unclear_work_instruction,True
2021-06-01,cosmetic_defect,inspection,1284,3,5,467.3,unclear_work_instruction,False
2021-06-01,late_shipment,shipping,1284,15,1,11682.2,rush_overload,False
2021-06-01,packaging_error,packaging,1284,3,3,778.8,rush_overload,False
2021-06-01,hair_detachment,assembly,1284,6,1,4672.9,shipping_damage,True
2021-06-01,torso_seam_defect,torso,1284,2,2,778.8,unclear_work_instruction,False
2021-07-01,wrongly_assembled,assembly,1271,9,7,1011.6,supplier_variation,False
2021-07-01,missing_component,kitting,1271,2,10,157.4,rush_overload,False
2021-07-01,damaged_return,customer_return,1271,2,1,1573.6,training_gap,False
2021-07-01,cosmetic_defect,inspection,1271,4,5,629.4,supplier_variation,False
2021-07-01,late_shipment,shipping,1271,10,1,7867.8,supplier_variation,False
2021-07-01,packaging_error,packaging,1271,2,3,524.5,shipping_damage,False
2021-07-01,hair_detachment,assembly,1271,1,1,786.8,supplier_variation,False
2021-07-01,torso_seam_defect,torso,1271,1,2,393.4,rush_overload,False
2021-08-01,wrongly_assembled,assembly,1313,5,7,544.0,wrong_bin,False
2021-08-01,missing_component,kitting,1313,2,10,152.3,unclear_work_instruction,False
2021-08-01,damaged_return,customer_return,1313,1,1,761.6,wrong_bin,False
2021-08-01,cosmetic_defect,inspection,1313,5,5,761.6,tool_jig_issue,False
2021-08-01,late_shipment,shipping,1313,6,1,4569.7,unclear_work_instruction,False
2021-08-01,packaging_error,packaging,1313,3,3,761.6,supplier_variation,False
2021-08-01,hair_detachment,assembly,1313,3,1,2284.8,rush_overload,False
2021-08-01,torso_seam_defect,torso,1313,3,2,1142.4,rush_overload,False
2021-09-01,wrongly_assembled,assembly,1295,8,7,882.5,supplier_variation,False
2021-09-01,missing_component,kitting,1295,5,10,386.1,rush_overload,True
2021-09-01,damaged_return,customer_return,1295,5,1,3861.0,shipping_damage,False
2021-09-01,cosmetic_defect,inspection,1295,8,5,1235.5,unclear_work_instruction,True
2021-09-01,late_shipment,shipping,1295,13,1,10038.6,tool_jig_issue,False
2021-09-01,packaging_error,packaging,1295,6,3,1544.4,training_gap,True
2021-09-01,hair_detachment,assembly,1295,1,1,772.2,unclear_work_instruction,False
2021-09-01,torso_seam_defect,torso,1295,3,2,1158.3,supplier_variation,False
2021-10-01,wrongly_assembled,assembly,1870,6,7,458.4,shipping_damage,False
2021-10-01,missing_component,kitting,1870,5,10,267.4,supplier_variation,True
2021-10-01,damaged_return,customer_return,1870,2,1,1069.5,rush_overload,False
2021-10-01,cosmetic_defect,inspection,1870,5,5,534.8,tool_jig_issue,False
2021-10-01,late_shipment,shipping,1870,17,1,9090.9,shipping_damage,False
2021-10-01,packaging_error,packaging,1870,4,3,713.0,supplier_variation,False
2021-10-01,hair_detachment,assembly,1870,5,1,2673.8,tool_jig_issue,True
2021-10-01,torso_seam_defect,torso,1870,7,2,1871.7,shipping_damage,True
2021-11-01,wrongly_assembled,assembly,2319,13,7,800.8,unclear_work_instruction,False
2021-11-01,missing_component,kitting,2319,5,10,215.6,shipping_damage,False
2021-11-01,damaged_return,customer_return,2319,10,1,4312.2,unclear_work_instruction,False
2021-11-01,cosmetic_defect,inspection,2319,12,5,1034.9,unclear_work_instruction,False
2021-11-01,late_shipment,shipping,2319,29,1,12505.4,training_gap,False
2021-11-01,packaging_error,packaging,2319,10,3,1437.4,tool_jig_issue,False
2021-11-01,hair_detachment,assembly,2319,2,1,862.4,supplier_variation,False
2021-11-01,torso_seam_defect,torso,2319,10,2,2156.1,training_gap,True
2021-12-01,wrongly_assembled,assembly,2438,19,7,1113.3,tool_jig_issue,False
2021-12-01,missing_component,kitting,2438,2,10,82.0,unclear_work_instruction,False
2021-12-01,damaged_return,customer_return,2438,3,1,1230.5,tool_jig_issue,False
2021-12-01,cosmetic_defect,inspection,2438,20,5,1640.7,shipping_damage,True
2021-12-01,late_shipment,shipping,2438,43,1,17637.4,training_gap,False
2021-12-01,packaging_error,packaging,2438,9,3,1230.5,tool_jig_issue,False
2021-12-01,hair_detachment,assembly,2438,6,1,2461.0,supplier_variation,False
2021-12-01,torso_seam_defect,torso,2438,9,2,1845.8,tool_jig_issue,True
2022-01-01,wrongly_assembled,assembly,1612,10,7,886.2,tool_jig_issue,False
2022-01-01,missing_component,kitting,1612,4,10,248.1,shipping_damage,False
2022-01-01,damaged_return,customer_return,1612,7,1,4342.4,training_gap,False
2022-01-01,cosmetic_defect,inspection,1612,12,5,1488.8,supplier_variation,True
2022-01-01,late_shipment,shipping,1612,33,1,20471.5,rush_overload,False
2022-01-01,packaging_error,packaging,1612,4,3,827.1,training_gap,False
2022-01-01,hair_detachment,assembly,1612,6,1,3722.1,shipping_damage,True
2022-01-01,torso_seam_defect,torso,1612,2,2,620.3,wrong_bin,False
2022-02-01,wrongly_assembled,assembly,1418,4,7,403.0,shipping_damage,False
2022-02-01,missing_component,kitting,1418,2,10,141.0,wrong_bin,False
2022-02-01,damaged_return,customer_return,1418,8,1,5641.7,rush_overload,True
2022-02-01,cosmetic_defect,inspection,1418,8,5,1128.3,shipping_damage,True
2022-02-01,late_shipment,shipping,1418,15,1,10578.3,shipping_damage,False
2022-02-01,packaging_error,packaging,1418,6,3,1410.4,shipping_damage,True
2022-02-01,hair_detachment,assembly,1418,0,1,0.0,rush_overload,False
2022-02-01,torso_seam_defect,torso,1418,5,2,1763.0,shipping_damage,True
2022-03-01,wrongly_assembled,assembly,1741,6,7,492.3,shipping_damage,False
2022-03-01,missing_component,kitting,1741,3,10,172.3,wrong_bin,False
2022-03-01,damaged_return,customer_return,1741,7,1,4020.7,unclear_work_instruction,True
2022-03-01,cosmetic_defect,inspection,1741,7,5,804.1,unclear_work_instruction,False
2022-03-01,late_shipment,shipping,1741,22,1,12636.4,supplier_variation,False
2022-03-01,packaging_error,packaging,1741,5,3,957.3,unclear_work_instruction,False
2022-03-01,hair_detachment,assembly,1741,1,1,574.4,training_gap,False
2022-03-01,torso_seam_defect,torso,1741,2,2,574.4,training_gap,False
2022-04-01,wrongly_assembled,assembly,1439,12,7,1191.3,wrong_bin,True
2022-04-01,missing_component,kitting,1439,7,10,486.4,training_gap,True
2022-04-01,damaged_return,customer_return,1439,10,1,6949.3,supplier_variation,True
2022-04-01,cosmetic_defect,inspection,1439,3,5,417.0,shipping_damage,False
2022-04-01,late_shipment,shipping,1439,23,1,15983.3,wrong_bin,True
2022-04-01,packaging_error,packaging,1439,3,3,694.9,training_gap,False
2022-04-01,hair_detachment,assembly,1439,1,1,694.9,tool_jig_issue,False
2022-04-01,torso_seam_defect,torso,1439,1,2,347.5,rush_overload,False
2022-05-01,wrongly_assembled,assembly,1381,15,7,1551.7,shipping_damage,True
2022-05-01,missing_component,kitting,1381,1,10,72.4,training_gap,False
2022-05-01,damaged_return,customer_return,1381,4,1,2896.5,wrong_bin,False
2022-05-01,cosmetic_defect,inspection,1381,6,5,868.9,wrong_bin,False
2022-05-01,late_shipment,shipping,1381,16,1,11585.8,training_gap,False
2022-05-01,packaging_error,packaging,1381,0,3,0.0,shipping_damage,False
2022-05-01,hair_detachment,assembly,1381,4,1,2896.5,wrong_bin,True
2022-05-01,torso_seam_defect,torso,1381,3,2,1086.2,supplier_variation,False
2022-06-01,wrongly_assembled,assembly,1352,7,7,739.6,rush_overload,False
2022-06-01,missing_component,kitting,1352,4,10,295.9,rush_overload,True
2022-06-01,damaged_return,customer_return,1352,4,1,2958.6,rush_overload,False
2022-06-01,cosmetic_defect,inspection,1352,2,5,295.9,rush_overload,False
2022-06-01,late_shipment,shipping,1352,21,1,15532.5,unclear_work_instruction,False
2022-06-01,packaging_error,packaging,1352,2,3,493.1,tool_jig_issue,False
2022-06-01,hair_detachment,assembly,1352,0,1,0.0,unclear_work_instruction,False
2022-06-01,torso_seam_defect,torso,1352,1,2,369.8,rush_overload,False
2022-07-01,wrongly_assembled,assembly,1346,7,7,742.9,tool_jig_issue,False
2022-07-01,missing_component,kitting,1346,2,10,148.6,unclear_work_instruction,False
2022-07-01,damaged_return,customer_return,1346,1,1,742.9,tool_jig_issue,False
2022-07-01,cosmetic_defect,inspection,1346,5,5,742.9,shipping_damage,False
2022-07-01,late_shipment,shipping,1346,15,1,11144.1,rush_overload,False
2022-07-01,packaging_error,packaging,1346,4,3,990.6,unclear_work_instruction,False
2022-07-01,hair_detachment,assembly,1346,4,1,2971.8,training_gap,True
2022-07-01,torso_seam_defect,torso,1346,4,2,1485.9,rush_overload,True
2022-08-01,wrongly_assembled,assembly,1346,10,7,1061.3,supplier_variation,False
2022-08-01,missing_component,kitting,1346,3,10,222.9,training_gap,False
2022-08-01,damaged_return,customer_return,1346,4,1,2971.8,training_gap,False
2022-08-01,cosmetic_defect,inspection,1346,9,5,1337.3,tool_jig_issue,True
2022-08-01,late_shipment,shipping,1346,19,1,14115.9,training_gap,False
2022-08-01,packaging_error,packaging,1346,9,3,2228.8,tool_jig_issue,True
2022-08-01,hair_detachment,assembly,1346,2,1,1485.9,unclear_work_instruction,False
2022-08-01,torso_seam_defect,torso,1346,2,2,742.9,training_gap,False
2022-09-01,wrongly_assembled,assembly,1365,13,7,1360.5,training_gap,True
2022-09-01,missing_component,kitting,1365,1,10,73.3,rush_overload,False
2022-09-01,damaged_return,customer_return,1365,12,1,8791.2,unclear_work_instruction,True
2022-09-01,cosmetic_defect,inspection,1365,8,5,1172.2,wrong_bin,True
2022-09-01,late_shipment,shipping,1365,20,1,14652.0,tool_jig_issue,False
2022-09-01,packaging_error,packaging,1365,4,3,976.8,tool_jig_issue,False
2022-09-01,hair_detachment,assembly,1365,2,1,1465.2,unclear_work_instruction,False
2022-09-01,torso_seam_defect,torso,1365,1,2,366.3,rush_overload,False
2022-10-01,wrongly_assembled,assembly,2006,15,7,1068.2,rush_overload,False
2022-10-01,missing_component,kitting,2006,1,10,49.9,wrong_bin,False
2022-10-01,damaged_return,customer_return,2006,6,1,2991.0,wrong_bin,False
2022-10-01,cosmetic_defect,inspection,2006,11,5,1096.7,supplier_variation,True
2022-10-01,late_shipment,shipping,2006,25,1,12462.6,shipping_damage,False
2022-10-01,packaging_error,packaging,2006,5,3,830.8,tool_jig_issue,False
2022-10-01,hair_detachment,assembly,2006,2,1,997.0,supplier_variation,False
2022-10-01,torso_seam_defect,torso,2006,1,2,249.3,supplier_variation,False
2022-11-01,wrongly_assembled,assembly,2466,13,7,753.1,training_gap,False
2022-11-01,missing_component,kitting,2466,7,10,283.9,supplier_variation,False
2022-11-01,damaged_return,customer_return,2466,6,1,2433.1,shipping_damage,False
2022-11-01,cosmetic_defect,inspection,2466,12,5,973.2,unclear_work_instruction,False
2022-11-01,late_shipment,shipping,2466,40,1,16220.6,rush_overload,False
2022-11-01,packaging_error,packaging,2466,6,3,811.0,training_gap,False
2022-11-01,hair_detachment,assembly,2466,6,1,2433.1,wrong_bin,False
2022-11-01,torso_seam_defect,torso,2466,6,2,1216.5,supplier_variation,False
2022-12-01,wrongly_assembled,assembly,2457,23,7,1337.3,wrong_bin,False
2022-12-01,missing_component,kitting,2457,7,10,284.9,supplier_variation,False
2022-12-01,damaged_return,customer_return,2457,4,1,1628.0,shipping_damage,False
2022-12-01,cosmetic_defect,inspection,2457,11,5,895.4,tool_jig_issue,False
2022-12-01,late_shipment,shipping,2457,38,1,15466.0,training_gap,False
2022-12-01,packaging_error,packaging,2457,12,3,1628.0,rush_overload,False
2022-12-01,hair_detachment,assembly,2457,3,1,1221.0,shipping_damage,False
2022-12-01,torso_seam_defect,torso,2457,5,2,1017.5,training_gap,False
2023-01-01,wrongly_assembled,assembly,1726,19,7,1572.6,unclear_work_instruction,True
2023-01-01,missing_component,kitting,1726,4,10,231.7,training_gap,False
2023-01-01,damaged_return,customer_return,1726,7,1,4055.6,training_gap,False
2023-01-01,cosmetic_defect,inspection,1726,7,5,811.1,wrong_bin,False
2023-01-01,late_shipment,shipping,1726,33,1,19119.4,unclear_work_instruction,False
2023-01-01,packaging_error,packaging,1726,3,3,579.4,unclear_work_instruction,False
2023-01-01,hair_detachment,assembly,1726,2,1,1158.7,supplier_variation,False
2023-01-01,torso_seam_defect,torso,1726,3,2,869.1,shipping_damage,False
2023-02-01,wrongly_assembled,assembly,1474,11,7,1066.1,rush_overload,False
2023-02-01,missing_component,kitting,1474,5,10,339.2,unclear_work_instruction,True
2023-02-01,damaged_return,customer_return,1474,2,1,1356.9,training_gap,False
2023-02-01,cosmetic_defect,inspection,1474,4,5,542.7,supplier_variation,False
2023-02-01,late_shipment,shipping,1474,13,1,8819.5,tool_jig_issue,False
2023-02-01,packaging_error,packaging,1474,6,3,1356.9,wrong_bin,True
2023-02-01,hair_detachment,assembly,1474,1,1,678.4,unclear_work_instruction,False
2023-02-01,torso_seam_defect,torso,1474,4,2,1356.9,wrong_bin,True
2023-03-01,wrongly_assembled,assembly,1881,13,7,987.3,unclear_work_instruction,False
2023-03-01,missing_component,kitting,1881,6,10,319.0,shipping_damage,True
2023-03-01,damaged_return,customer_return,1881,4,1,2126.5,supplier_variation,False
2023-03-01,cosmetic_defect,inspection,1881,6,5,638.0,shipping_damage,False
2023-03-01,late_shipment,shipping,1881,12,1,6379.6,tool_jig_issue,False
2023-03-01,packaging_error,packaging,1881,6,3,1063.3,supplier_variation,False
2023-03-01,hair_detachment,assembly,1881,3,1,1594.9,wrong_bin,False
2023-03-01,torso_seam_defect,torso,1881,3,2,797.4,unclear_work_instruction,False
2023-04-01,wrongly_assembled,assembly,1487,9,7,864.6,rush_overload,False
2023-04-01,missing_component,kitting,1487,2,10,134.5,supplier_variation,False
2023-04-01,damaged_return,customer_return,1487,2,1,1345.0,rush_overload,False
2023-04-01,cosmetic_defect,inspection,1487,3,5,403.5,supplier_variation,False
2023-04-01,late_shipment,shipping,1487,19,1,12777.4,training_gap,False
2023-04-01,packaging_error,packaging,1487,4,3,896.7,rush_overload,False
2023-04-01,hair_detachment,assembly,1487,1,1,672.5,wrong_bin,False
2023-04-01,torso_seam_defect,torso,1487,3,2,1008.7,rush_overload,False
2023-05-01,wrongly_assembled,assembly,1384,11,7,1135.4,tool_jig_issue,True
2023-05-01,missing_component,kitting,1384,2,10,144.5,supplier_variation,False
2023-05-01,damaged_return,customer_return,1384,4,1,2890.2,wrong_bin,False
2023-05-01,cosmetic_defect,inspection,1384,5,5,722.5,tool_jig_issue,False
2023-05-01,late_shipment,shipping,1384,21,1,15173.4,tool_jig_issue,False
2023-05-01,packaging_error,packaging,1384,4,3,963.4,shipping_damage,False
2023-05-01,hair_detachment,assembly,1384,1,1,722.5,unclear_work_instruction,False
2023-05-01,torso_seam_defect,torso,1384,3,2,1083.8,wrong_bin,False
2023-06-01,wrongly_assembled,assembly,1338,12,7,1281.2,tool_jig_issue,True
2023-06-01,missing_component,kitting,1338,5,10,373.7,rush_overload,True
2023-06-01,damaged_return,customer_return,1338,6,1,4484.3,unclear_work_instruction,True
2023-06-01,cosmetic_defect,inspection,1338,4,5,597.9,wrong_bin,False
2023-06-01,late_shipment,shipping,1338,20,1,14947.7,rush_overload,False
2023-06-01,packaging_error,packaging,1338,8,3,1993.0,tool_jig_issue,True
2023-06-01,hair_detachment,assembly,1338,3,1,2242.2,unclear_work_instruction,False
2023-06-01,torso_seam_defect,torso,1338,3,2,1121.1,unclear_work_instruction,False
2023-07-01,wrongly_assembled,assembly,1464,6,7,585.5,wrong_bin,False
2023-07-01,missing_component,kitting,1464,3,10,204.9,supplier_variation,False
2023-07-01,damaged_return,customer_return,1464,5,1,3415.3,unclear_work_instruction,False
2023-07-01,cosmetic_defect,inspection,1464,5,5,683.1,training_gap,False
2023-07-01,late_shipment,shipping,1464,19,1,12978.1,training_gap,False
2023-07-01,packaging_error,packaging,1464,4,3,910.7,shipping_damage,False
2023-07-01,hair_detachment,assembly,1464,3,1,2049.2,supplier_variation,False
2023-07-01,torso_seam_defect,torso,1464,0,2,0.0,wrong_bin,False
2023-08-01,wrongly_assembled,assembly,1466,12,7,1169.4,supplier_variation,True
2023-08-01,missing_component,kitting,1466,1,10,68.2,rush_overload,False
2023-08-01,damaged_return,customer_return,1466,3,1,2046.4,supplier_variation,False
2023-08-01,cosmetic_defect,inspection,1466,6,5,818.6,shipping_damage,False
2023-08-01,late_shipment,shipping,1466,15,1,10231.9,training_gap,False
2023-08-01,packaging_error,packaging,1466,2,3,454.8,unclear_work_instruction,False
2023-08-01,hair_detachment,assembly,1466,3,1,2046.4,rush_overload,False
2023-08-01,torso_seam_defect,torso,1466,3,2,1023.2,supplier_variation,False
2023-09-01,wrongly_assembled,assembly,1370,7,7,729.9,training_gap,False
2023-09-01,missing_component,kitting,1370,1,10,73.0,rush_overload,False
2023-09-01,damaged_return,customer_return,1370,2,1,1459.9,shipping_damage,False
2023-09-01,cosmetic_defect,inspection,1370,4,5,583.9,supplier_variation,False
2023-09-01,late_shipment,shipping,1370,16,1,11678.8,wrong_bin,False
2023-09-01,packaging_error,packaging,1370,3,3,729.9,unclear_work_instruction,False
2023-09-01,hair_detachment,assembly,1370,1,1,729.9,wrong_bin,False
2023-09-01,torso_seam_defect,torso,1370,1,2,365.0,shipping_damage,False
2023-10-01,wrongly_assembled,assembly,2085,13,7,890.7,training_gap,False
2023-10-01,missing_component,kitting,2085,5,10,239.8,supplier_variation,False
2023-10-01,damaged_return,customer_return,2085,7,1,3357.3,supplier_variation,False
2023-10-01,cosmetic_defect,inspection,2085,11,5,1055.2,training_gap,True
2023-10-01,late_shipment,shipping,2085,38,1,18225.4,shipping_damage,True
2023-10-01,packaging_error,packaging,2085,10,3,1598.7,unclear_work_instruction,True
2023-10-01,hair_detachment,assembly,2085,3,1,1438.8,rush_overload,False
2023-10-01,torso_seam_defect,torso,2085,3,2,719.4,tool_jig_issue,False
2023-11-01,wrongly_assembled,assembly,2492,25,7,1433.2,rush_overload,False
2023-11-01,missing_component,kitting,2492,3,10,120.4,supplier_variation,False
2023-11-01,damaged_return,customer_return,2492,13,1,5216.7,training_gap,False
2023-11-01,cosmetic_defect,inspection,2492,16,5,1284.1,supplier_variation,False
2023-11-01,late_shipment,shipping,2492,36,1,14446.2,tool_jig_issue,False
2023-11-01,packaging_error,packaging,2492,12,3,1605.1,wrong_bin,False
2023-11-01,hair_detachment,assembly,2492,3,1,1203.9,rush_overload,False
2023-11-01,torso_seam_defect,torso,2492,3,2,601.9,shipping_damage,False
2023-12-01,wrongly_assembled,assembly,2619,27,7,1472.8,shipping_damage,False
2023-12-01,missing_component,kitting,2619,11,10,420.0,tool_jig_issue,True
2023-12-01,damaged_return,customer_return,2619,15,1,5727.4,wrong_bin,True
2023-12-01,cosmetic_defect,inspection,2619,18,5,1374.6,rush_overload,False
2023-12-01,late_shipment,shipping,2619,37,1,14127.5,wrong_bin,False
2023-12-01,packaging_error,packaging,2619,10,3,1272.8,supplier_variation,False
2023-12-01,hair_detachment,assembly,2619,6,1,2291.0,rush_overload,False
2023-12-01,torso_seam_defect,torso,2619,5,2,954.6,shipping_damage,False
2024-01-01,wrongly_assembled,assembly,1836,15,7,1167.1,shipping_damage,False
2024-01-01,missing_component,kitting,1836,4,10,217.9,wrong_bin,False
2024-01-01,damaged_return,customer_return,1836,6,1,3268.0,tool_jig_issue,False
2024-01-01,cosmetic_defect,inspection,1836,14,5,1525.1,wrong_bin,True
2024-01-01,late_shipment,shipping,1836,25,1,13616.6,training_gap,False
2024-01-01,packaging_error,packaging,1836,6,3,1089.3,training_gap,False
2024-01-01,hair_detachment,assembly,1836,8,1,4357.3,tool_jig_issue,True
2024-01-01,torso_seam_defect,torso,1836,4,2,1089.3,shipping_damage,False
2024-02-01,wrongly_assembled,assembly,1551,6,7,552.6,unclear_work_instruction,False
2024-02-01,missing_component,kitting,1551,8,10,515.8,wrong_bin,True
2024-02-01,damaged_return,customer_return,1551,3,1,1934.2,unclear_work_instruction,False
2024-02-01,cosmetic_defect,inspection,1551,3,5,386.8,wrong_bin,False
2024-02-01,late_shipment,shipping,1551,17,1,10960.7,supplier_variation,False
2024-02-01,packaging_error,packaging,1551,3,3,644.7,shipping_damage,False
2024-02-01,hair_detachment,assembly,1551,3,1,1934.2,shipping_damage,False
2024-02-01,torso_seam_defect,torso,1551,1,2,322.4,training_gap,False
2024-03-01,wrongly_assembled,assembly,1971,9,7,652.3,training_gap,False
2024-03-01,missing_component,kitting,1971,2,10,101.5,rush_overload,False
2024-03-01,damaged_return,customer_return,1971,7,1,3551.5,rush_overload,False
2024-03-01,cosmetic_defect,inspection,1971,12,5,1217.7,training_gap,True
2024-03-01,late_shipment,shipping,1971,30,1,15220.7,supplier_variation,False
2024-03-01,packaging_error,packaging,1971,9,3,1522.1,supplier_variation,True
2024-03-01,hair_detachment,assembly,1971,6,1,3044.1,unclear_work_instruction,True
2024-03-01,torso_seam_defect,torso,1971,4,2,1014.7,wrong_bin,False
2024-04-01,wrongly_assembled,assembly,1575,9,7,816.3,rush_overload,False
2024-04-01,missing_component,kitting,1575,1,10,63.5,rush_overload,False
2024-04-01,damaged_return,customer_return,1575,8,1,5079.4,wrong_bin,True
2024-04-01,cosmetic_defect,inspection,1575,2,5,254.0,training_gap,False
2024-04-01,late_shipment,shipping,1575,23,1,14603.2,unclear_work_instruction,False
2024-04-01,packaging_error,packaging,1575,1,3,211.6,rush_overload,False
2024-04-01,hair_detachment,assembly,1575,0,1,0.0,shipping_damage,False
2024-04-01,torso_seam_defect,torso,1575,2,2,634.9,supplier_variation,False
2024-05-01,wrongly_assembled,assembly,1466,5,7,487.2,wrong_bin,False
2024-05-01,missing_component,kitting,1466,3,10,204.6,shipping_damage,False
2024-05-01,damaged_return,customer_return,1466,8,1,5457.0,training_gap,True
2024-05-01,cosmetic_defect,inspection,1466,6,5,818.6,training_gap,False
2024-05-01,late_shipment,shipping,1466,23,1,15688.9,supplier_variation,True
2024-05-01,packaging_error,packaging,1466,4,3,909.5,wrong_bin,False
2024-05-01,hair_detachment,assembly,1466,1,1,682.1,training_gap,False
2024-05-01,torso_seam_defect,torso,1466,3,2,1023.2,shipping_damage,False
2024-06-01,wrongly_assembled,assembly,1401,11,7,1121.6,unclear_work_instruction,True
2024-06-01,missing_component,kitting,1401,0,10,0.0,shipping_damage,False
2024-06-01,damaged_return,customer_return,1401,5,1,3568.9,shipping_damage,False
2024-06-01,cosmetic_defect,inspection,1401,10,5,1427.6,tool_jig_issue,True
2024-06-01,late_shipment,shipping,1401,8,1,5710.2,unclear_work_instruction,False
2024-06-01,packaging_error,packaging,1401,4,3,951.7,wrong_bin,False
2024-06-01,hair_detachment,assembly,1401,2,1,1427.6,shipping_damage,False
2024-06-01,torso_seam_defect,torso,1401,2,2,713.8,rush_overload,False
2024-07-01,wrongly_assembled,assembly,1529,6,7,560.6,unclear_work_instruction,False
2024-07-01,missing_component,kitting,1529,4,10,261.6,tool_jig_issue,True
2024-07-01,damaged_return,customer_return,1529,5,1,3270.1,wrong_bin,False
2024-07-01,cosmetic_defect,inspection,1529,7,5,915.6,rush_overload,False
2024-07-01,late_shipment,shipping,1529,16,1,10464.4,training_gap,False
2024-07-01,packaging_error,packaging,1529,4,3,872.0,tool_jig_issue,False
2024-07-01,hair_detachment,assembly,1529,3,1,1962.1,tool_jig_issue,False
2024-07-01,torso_seam_defect,torso,1529,6,2,1962.1,rush_overload,True
2024-08-01,wrongly_assembled,assembly,1516,16,7,1507.7,training_gap,True
2024-08-01,missing_component,kitting,1516,2,10,131.9,rush_overload,False
2024-08-01,damaged_return,customer_return,1516,5,1,3298.2,wrong_bin,False
2024-08-01,cosmetic_defect,inspection,1516,6,5,791.6,shipping_damage,False
2024-08-01,late_shipment,shipping,1516,18,1,11873.4,tool_jig_issue,False
2024-08-01,packaging_error,packaging,1516,3,3,659.6,tool_jig_issue,False
2024-08-01,hair_detachment,assembly,1516,5,1,3298.2,supplier_variation,True
2024-08-01,torso_seam_defect,torso,1516,3,2,989.4,supplier_variation,False
2024-09-01,wrongly_assembled,assembly,1488,11,7,1056.1,training_gap,False
2024-09-01,missing_component,kitting,1488,4,10,268.8,wrong_bin,True
2024-09-01,damaged_return,customer_return,1488,3,1,2016.1,training_gap,False
2024-09-01,cosmetic_defect,inspection,1488,2,5,268.8,training_gap,False
2024-09-01,late_shipment,shipping,1488,18,1,12096.8,shipping_damage,False
2024-09-01,packaging_error,packaging,1488,3,3,672.0,wrong_bin,False
2024-09-01,hair_detachment,assembly,1488,2,1,1344.1,unclear_work_instruction,False
2024-09-01,torso_seam_defect,torso,1488,5,2,1680.1,shipping_damage,True
2024-10-01,wrongly_assembled,assembly,2193,13,7,846.9,tool_jig_issue,False
2024-10-01,missing_component,kitting,2193,3,10,136.8,tool_jig_issue,False
2024-10-01,damaged_return,customer_return,2193,4,1,1824.0,rush_overload,False
2024-10-01,cosmetic_defect,inspection,2193,8,5,729.6,shipping_damage,False
2024-10-01,late_shipment,shipping,2193,21,1,9575.9,tool_jig_issue,False
2024-10-01,packaging_error,packaging,2193,5,3,760.0,tool_jig_issue,False
2024-10-01,hair_detachment,assembly,2193,3,1,1368.0,shipping_damage,False
2024-10-01,torso_seam_defect,torso,2193,5,2,1140.0,rush_overload,False
2024-11-01,wrongly_assembled,assembly,2677,22,7,1174.0,wrong_bin,False
2024-11-01,missing_component,kitting,2677,16,10,597.7,supplier_variation,True
2024-11-01,damaged_return,customer_return,2677,10,1,3735.5,tool_jig_issue,False
2024-11-01,cosmetic_defect,inspection,2677,10,5,747.1,supplier_variation,False
2024-11-01,late_shipment,shipping,2677,51,1,19051.2,training_gap,False
2024-11-01,packaging_error,packaging,2677,12,3,1494.2,wrong_bin,False
2024-11-01,hair_detachment,assembly,2677,4,1,1494.2,wrong_bin,False
2024-11-01,torso_seam_defect,torso,2677,5,2,933.9,training_gap,False
2024-12-01,wrongly_assembled,assembly,2740,26,7,1355.6,unclear_work_instruction,False
2024-12-01,missing_component,kitting,2740,12,10,438.0,shipping_damage,True
2024-12-01,damaged_return,customer_return,2740,8,1,2919.7,rush_overload,False
2024-12-01,cosmetic_defect,inspection,2740,15,5,1094.9,shipping_damage,False
2024-12-01,late_shipment,shipping,2740,50,1,18248.2,supplier_variation,False
2024-12-01,packaging_error,packaging,2740,5,3,608.3,rush_overload,False
2024-12-01,hair_detachment,assembly,2740,4,1,1459.9,shipping_damage,False
2024-12-01,torso_seam_defect,torso,2740,4,2,729.9,rush_overload,False
2025-01-01,wrongly_assembled,assembly,1830,23,7,1795.5,supplier_variation,True
2025-01-01,missing_component,kitting,1830,3,10,163.9,supplier_variation,False
2025-01-01,damaged_return,customer_return,1830,6,1,3278.7,wrong_bin,False
2025-01-01,cosmetic_defect,inspection,1830,7,5,765.0,rush_overload,False
2025-01-01,late_shipment,shipping,1830,27,1,14754.1,unclear_work_instruction,False
2025-01-01,packaging_error,packaging,1830,12,3,2185.8,rush_overload,True
2025-01-01,hair_detachment,assembly,1830,5,1,2732.2,training_gap,True
2025-01-01,torso_seam_defect,torso,1830,4,2,1092.9,tool_jig_issue,False
2025-02-01,wrongly_assembled,assembly,1598,7,7,625.8,rush_overload,False
2025-02-01,missing_component,kitting,1598,2,10,125.2,supplier_variation,False
2025-02-01,damaged_return,customer_return,1598,4,1,2503.1,wrong_bin,False
2025-02-01,cosmetic_defect,inspection,1598,8,5,1001.3,wrong_bin,False
2025-02-01,late_shipment,shipping,1598,23,1,14393.0,supplier_variation,False
2025-02-01,packaging_error,packaging,1598,7,3,1460.2,rush_overload,True
2025-02-01,hair_detachment,assembly,1598,4,1,2503.1,wrong_bin,True
2025-02-01,torso_seam_defect,torso,1598,4,2,1251.6,tool_jig_issue,True
2025-03-01,wrongly_assembled,assembly,2042,12,7,839.5,shipping_damage,False
2025-03-01,missing_component,kitting,2042,5,10,244.9,supplier_variation,False
2025-03-01,damaged_return,customer_return,2042,5,1,2448.6,training_gap,False
2025-03-01,cosmetic_defect,inspection,2042,10,5,979.4,rush_overload,False
2025-03-01,late_shipment,shipping,2042,20,1,9794.3,training_gap,False
2025-03-01,packaging_error,packaging,2042,8,3,1305.9,wrong_bin,True
2025-03-01,hair_detachment,assembly,2042,2,1,979.4,training_gap,False
2025-03-01,torso_seam_defect,torso,2042,4,2,979.4,wrong_bin,False
2025-04-01,wrongly_assembled,assembly,1620,11,7,970.0,training_gap,False
2025-04-01,missing_component,kitting,1620,6,10,370.4,shipping_damage,True
2025-04-01,damaged_return,customer_return,1620,3,1,1851.9,tool_jig_issue,False
2025-04-01,cosmetic_defect,inspection,1620,9,5,1111.1,training_gap,True
2025-04-01,late_shipment,shipping,1620,15,1,9259.3,supplier_variation,False
2025-04-01,packaging_error,packaging,1620,7,3,1440.3,supplier_variation,True
2025-04-01,hair_detachment,assembly,1620,2,1,1234.6,wrong_bin,False
2025-04-01,torso_seam_defect,torso,1620,2,2,617.3,unclear_work_instruction,False
2025-05-01,wrongly_assembled,assembly,1588,12,7,1079.5,wrong_bin,False
2025-05-01,missing_component,kitting,1588,1,10,63.0,tool_jig_issue,False
2025-05-01,damaged_return,customer_return,1588,2,1,1259.4,training_gap,False
2025-05-01,cosmetic_defect,inspection,1588,7,5,881.6,supplier_variation,False
2025-05-01,late_shipment,shipping,1588,14,1,8816.1,supplier_variation,False
2025-05-01,packaging_error,packaging,1588,3,3,629.7,shipping_damage,False
2025-05-01,hair_detachment,assembly,1588,2,1,1259.4,supplier_variation,False
2025-05-01,torso_seam_defect,torso,1588,2,2,629.7,training_gap,False
2025-06-01,wrongly_assembled,assembly,1473,12,7,1163.8,wrong_bin,True
2025-06-01,missing_component,kitting,1473,5,10,339.4,wrong_bin,True
2025-06-01,damaged_return,customer_return,1473,3,1,2036.7,rush_overload,False
2025-06-01,cosmetic_defect,inspection,1473,5,5,678.9,unclear_work_instruction,False
2025-06-01,late_shipment,shipping,1473,20,1,13577.7,supplier_variation,False
2025-06-01,packaging_error,packaging,1473,5,3,1131.5,training_gap,False
2025-06-01,hair_detachment,assembly,1473,2,1,1357.8,supplier_variation,False
2025-06-01,torso_seam_defect,torso,1473,2,2,678.9,supplier_variation,False
2025-07-01,wrongly_assembled,assembly,1535,11,7,1023.7,rush_overload,False
2025-07-01,missing_component,kitting,1535,5,10,325.7,supplier_variation,True
2025-07-01,damaged_return,customer_return,1535,6,1,3908.8,wrong_bin,True
2025-07-01,cosmetic_defect,inspection,1535,0,5,0.0,wrong_bin,False
2025-07-01,late_shipment,shipping,1535,18,1,11726.4,supplier_variation,False
2025-07-01,packaging_error,packaging,1535,3,3,651.5,supplier_variation,False
2025-07-01,hair_detachment,assembly,1535,5,1,3257.3,tool_jig_issue,True
2025-07-01,torso_seam_defect,torso,1535,8,2,2605.9,wrong_bin,True
2025-08-01,wrongly_assembled,assembly,1578,8,7,724.2,shipping_damage,False
2025-08-01,missing_component,kitting,1578,2,10,126.7,wrong_bin,False
2025-08-01,damaged_return,customer_return,1578,7,1,4436.0,rush_overload,True
2025-08-01,cosmetic_defect,inspection,1578,5,5,633.7,training_gap,False
2025-08-01,late_shipment,shipping,1578,15,1,9505.7,tool_jig_issue,False
2025-08-01,packaging_error,packaging,1578,3,3,633.7,wrong_bin,False
2025-08-01,hair_detachment,assembly,1578,1,1,633.7,unclear_work_instruction,False
2025-08-01,torso_seam_defect,torso,1578,3,2,950.6,training_gap,False
2025-09-01,wrongly_assembled,assembly,1527,8,7,748.4,rush_overload,False
2025-09-01,missing_component,kitting,1527,3,10,196.5,supplier_variation,False
2025-09-01,damaged_return,customer_return,1527,3,1,1964.6,supplier_variation,False
2025-09-01,cosmetic_defect,inspection,1527,5,5,654.9,training_gap,False
2025-09-01,late_shipment,shipping,1527,18,1,11787.8,unclear_work_instruction,False
2025-09-01,packaging_error,packaging,1527,3,3,654.9,training_gap,False
2025-09-01,hair_detachment,assembly,1527,2,1,1309.8,supplier_variation,False
2025-09-01,torso_seam_defect,torso,1527,4,2,1309.8,unclear_work_instruction,True
2025-10-01,wrongly_assembled,assembly,2357,21,7,1272.8,tool_jig_issue,True
2025-10-01,missing_component,kitting,2357,5,10,212.1,rush_overload,False
2025-10-01,damaged_return,customer_return,2357,3,1,1272.8,wrong_bin,False
2025-10-01,cosmetic_defect,inspection,2357,11,5,933.4,tool_jig_issue,False
2025-10-01,late_shipment,shipping,2357,30,1,12728.0,shipping_damage,False
2025-10-01,packaging_error,packaging,2357,11,3,1555.6,unclear_work_instruction,True
2025-10-01,hair_detachment,assembly,2357,4,1,1697.1,unclear_work_instruction,False
2025-10-01,torso_seam_defect,torso,2357,4,2,848.5,rush_overload,False
2025-11-01,wrongly_assembled,assembly,2658,27,7,1451.1,tool_jig_issue,False
2025-11-01,missing_component,kitting,2658,5,10,188.1,shipping_damage,False
2025-11-01,damaged_return,customer_return,2658,9,1,3386.0,wrong_bin,False
2025-11-01,cosmetic_defect,inspection,2658,12,5,902.9,wrong_bin,False
2025-11-01,late_shipment,shipping,2658,36,1,13544.0,unclear_work_instruction,False
2025-11-01,packaging_error,packaging,2658,9,3,1128.7,tool_jig_issue,False
2025-11-01,hair_detachment,assembly,2658,4,1,1504.9,supplier_variation,False
2025-11-01,torso_seam_defect,torso,2658,5,2,940.6,supplier_variation,False
2025-12-01,wrongly_assembled,assembly,2892,21,7,1037.3,wrong_bin,False
2025-12-01,missing_component,kitting,2892,9,10,311.2,tool_jig_issue,False
2025-12-01,damaged_return,customer_return,2892,13,1,4495.2,training_gap,False
2025-12-01,cosmetic_defect,inspection,2892,18,5,1244.8,shipping_damage,False
2025-12-01,late_shipment,shipping,2892,43,1,14868.6,wrong_bin,False
2025-12-01,packaging_error,packaging,2892,11,3,1267.9,shipping_damage,False
2025-12-01,hair_detachment,assembly,2892,1,1,345.8,tool_jig_issue,False
2025-12-01,torso_seam_defect,torso,2892,9,2,1556.0,unclear_work_instruction,False
2024-06-01,paint_run,assembly,1850,4,7,308.9,material_batch,True
2024-06-01,magnet_alignment,assembly,1858,7,8,470.9,fixture_wear,False
2024-06-01,stitch_open,assembly,1866,10,9,595.5,env_control,False
2024-06-01,label_mismatch,packaging,1874,13,3,2312.3,system_error,False
2024-06-01,adhesive_bleed,assembly,1882,5,7,379.5,training_gap,False
2024-06-01,joint_play,assembly,1890,8,8,529.1,supplier_variation,False
2024-07-01,paint_run,assembly,1862,9,7,690.5,fixture_wear,False
2024-07-01,magnet_alignment,assembly,1870,12,8,802.1,env_control,False
2024-07-01,stitch_open,assembly,1878,4,9,236.7,system_error,False
2024-07-01,label_mismatch,packaging,1886,7,3,1237.2,training_gap,False
2024-07-01,adhesive_bleed,assembly,1894,10,7,754.3,supplier_variation,False
2024-07-01,joint_play,assembly,1902,13,8,854.4,material_batch,False
2024-08-01,paint_run,assembly,1874,14,7,1067.2,env_control,False
2024-08-01,magnet_alignment,assembly,1882,6,8,398.5,system_error,False
2024-08-01,stitch_open,assembly,1890,9,9,529.1,training_gap,False
2024-08-01,label_mismatch,packaging,1898,12,3,2107.5,supplier_variation,False
2024-08-01,adhesive_bleed,assembly,1906,4,7,299.8,material_batch,False
2024-08-01,joint_play,assembly,1914,7,8,457.2,fixture_wear,True
2024-09-01,paint_run,assembly,1886,8,7,606.0,system_error,False
2024-09-01,magnet_alignment,assembly,1894,11,8,726.0,training_gap,False
2024-09-01,stitch_open,assembly,1902,14,9,817.9,supplier_variation,False
2024-09-01,label_mismatch,packaging,1910,6,3,1047.1,material_batch,False
2024-09-01,adhesive_bleed,assembly,1918,9,7,670.3,fixture_wear,True
2024-09-01,joint_play,assembly,1926,12,8,778.8,env_control,False
2024-10-01,paint_run,assembly,1898,13,7,978.5,training_gap,False
2024-10-01,magnet_alignment,assembly,1906,5,8,327.9,supplier_variation,False
2024-10-01,stitch_open,assembly,1914,8,9,464.4,material_batch,False
2024-10-01,label_mismatch,packaging,1922,11,3,1907.7,fixture_wear,True
2024-10-01,adhesive_bleed,assembly,1930,14,7,1036.3,env_control,False
2024-10-01,joint_play,assembly,1938,6,8,387.0,system_error,False
2024-11-01,paint_run,assembly,1910,7,7,523.6,supplier_variation,False
2024-11-01,magnet_alignment,assembly,1918,10,8,651.7,material_batch,False
2024-11-01,stitch_open,assembly,1926,13,9,750.0,fixture_wear,True
2024-11-01,label_mismatch,packaging,1934,5,3,861.8,env_control,False
2024-11-01,adhesive_bleed,assembly,1942,8,7,588.5,system_error,False
2024-11-01,joint_play,assembly,1950,11,8,705.1,training_gap,False
2024-12-01,paint_run,assembly,1922,12,7,891.9,material_batch,False
2024-12-01,magnet_alignment,assembly,1930,4,8,259.1,fixture_wear,True
2024-12-01,stitch_open,assembly,1938,7,9,401.3,env_control,False
2024-12-01,label_mismatch,packaging,1946,10,3,1712.9,system_error,False
2024-12-01,adhesive_bleed,assembly,1954,13,7,950.4,training_gap,False
2024-12-01,joint_play,assembly,1962,5,8,318.6,supplier_variation,False
2025-01-01,paint_run,assembly,1934,6,7,443.2,fixture_wear,True
2025-01-01,magnet_alignment,assembly,1942,9,8,579.3,env_control,False
2025-01-01,stitch_open,assembly,1950,12,9,683.8,system_error,False
2025-01-01,label_mismatch,packaging,1958,4,3,681.0,training_gap,False
2025-01-01,adhesive_bleed,assembly,1966,7,7,508.6,supplier_variation,False
2025-01-01,joint_play,assembly,1974,10,8,633.2,material_batch,False
2025-03-01,paint_run,assembly,1946,11,7,807.5,env_control,False
2025-03-01,magnet_alignment,assembly,1954,14,8,895.6,system_error,False
2025-03-01,stitch_open,assembly,1962,6,9,339.8,training_gap,False
2025-03-01,label_mismatch,packaging,1970,9,3,1522.8,supplier_variation,False
2025-03-01,adhesive_bleed,assembly,1978,12,7,866.7,material_batch,False
2025-03-01,joint_play,assembly,1986,4,8,251.8,fixture_wear,False
2025-05-01,paint_run,assembly,1958,5,7,364.8,system_error,False
2025-05-01,magnet_alignment,assembly,1966,8,8,508.6,training_gap,False
2025-05-01,stitch_open,assembly,1974,11,9,619.2,supplier_variation,False
2025-05-01,label_mismatch,packaging,1982,14,3,2354.5,material_batch,False
2025-05-01,adhesive_bleed,assembly,1990,6,7,430.7,fixture_wear,False
2025-05-01,joint_play,assembly,1998,9,8,563.1,env_control,True
2025-07-01,paint_run,assembly,1970,10,7,725.2,training_gap,False
2025-07-01,magnet_alignment,assembly,1978,13,8,821.5,supplier_variation,False
2025-07-01,stitch_open,assembly,1986,5,9,279.7,material_batch,False
2025-07-01,label_mismatch,packaging,1994,8,3,1337.3,fixture_wear,False
2025-07-01,adhesive_bleed,assembly,2002,11,7,784.9,env_control,True
2025-07-01,joint_play,assembly,2010,14,8,870.6,system_error,False
2025-09-01,paint_run,assembly,1982,4,7,288.3,supplier_variation,False
2025-09-01,magnet_alignment,assembly,1990,7,8,439.7,material_batch,False
2025-09-01,stitch_open,assembly,1998,10,9,556.1,fixture_wear,False
2025-09-01,label_mismatch,packaging,2006,13,3,2160.2,env_control,True
2025-09-01,adhesive_bleed,assembly,2014,5,7,354.7,system_error,False
2025-09-01,joint_play,assembly,2022,8,8,494.6,training_gap,False
2025-11-01,paint_run,assembly,1994,9,7,644.8,material_batch,False
2025-11-01,magnet_alignment,assembly,2002,12,8,749.3,fixture_wear,False
2025-11-01,stitch_open,assembly,2010,4,9,221.1,env_control,True
2025-11-01,label_mismatch,packaging,2018,7,3,1156.3,system_error,False
2025-11-01,adhesive_bleed,assembly,2026,10,7,705.1,training_gap,False
2025-11-01,joint_play,assembly,2034,13,8,798.9,supplier_variation,False
2026-01-01,paint_run,assembly,2006,14,7,997.0,fixture_wear,False
2026-01-01,magnet_alignment,assembly,2014,6,8,372.4,env_control,True
2026-01-01,stitch_open,assembly,2022,9,9,494.6,system_error,False
2026-01-01,label_mismatch,packaging,2030,12,3,1970.4,training_gap,False
2026-01-01,adhesive_bleed,assembly,2038,4,7,280.4,supplier_variation,False
2026-01-01,joint_play,assembly,2046,7,8,427.7,material_batch,False
2026-03-01,paint_run,assembly,2018,8,7,566.3,env_control,True
2026-03-01,magnet_alignment,assembly,2026,11,8,678.7,system_error,False
2026-03-01,stitch_open,assembly,2034,14,9,764.8,training_gap,False
2026-03-01,label_mismatch,packaging,2042,6,3,979.4,supplier_variation,False
2026-03-01,adhesive_bleed,assembly,2050,9,7,627.2,material_batch,False
2026-03-01,joint_play,assembly,2058,12,8,728.9,fixture_wear,False
2026-04-01,paint_run,assembly,2030,13,7,914.8,system_error,False
2026-04-01,magnet_alignment,assembly,2038,5,8,306.7,training_gap,False
2026-04-01,stitch_open,assembly,2046,8,9,434.5,supplier_variation,False
2026-04-01,label_mismatch,packaging,2054,11,3,1785.1,material_batch,False
2026-04-01,adhesive_bleed,assembly,2062,14,7,969.9,fixture_wear,False
2026-04-01,joint_play,assembly,2070,6,8,362.3,env_control,False
