supplier_code,part_number,base_cost,distance_miles_from_logan_ut_84321,shipping_cost_per_unit,tariff_rate,tariff_proxy_note,minimal_lot_restriction_units,brand_strength_0_100,quality_consistency_prior_tx_pct,is_primary,supplier_part_number,minimum_order_quantity,order_multiple,capacity_per_month,lead_time_days_mean,lead_time_days_std
SUP_LIMB_1,SKU-OPT-0001,3.87,1369,1.06,0.0,seeded_country_baseline_not_live_ml,36,82,98.53,True,SKU-OPT-0001-SUP_LIMB_1,54,10,8000,14,3
SUP_LIMB_2,SKU-OPT-0001,2.64,7689,2.29,0.1698,seeded_country_baseline_not_live_ml,96,51,83.53,False,SKU-OPT-0001-SUP_LIMB_2,144,10,8000,14,3
SUP_LIMB_3,SKU-OPT-0001,3.90,6214,2.03,0.2168,seeded_country_baseline_not_live_ml,120,23,88.26,False,SKU-OPT-0001-SUP_LIMB_3,192,10,8000,14,3
SUP_RISK_HISU,SKU-OPT-0001,2.05,6411,2.11,0.1704,seeded_country_baseline_not_live_ml,168,38,79.63,False,SKU-OPT-0001-SUP_RISK_HISU,201,10,8000,14,3
SUP_RISK_INDIASIL,SKU-OPT-0001,2.46,8159,2.32,0.1416,seeded_country_baseline_not_live_ml,100,22,80.52,False,SKU-OPT-0001-SUP_RISK_INDIASIL,160,10,8000,14,3
SUP_LIMB_1,SKU-OPT-0002,2.79,1369,0.93,0.0,seeded_country_baseline_not_live_ml,144,82,98.47,True,SKU-OPT-0002-SUP_LIMB_1,172,10,8000,14,3
SUP_LIMB_2,SKU-OPT-0002,3.14,7689,1.99,0.1848,seeded_country_baseline_not_live_ml,400,51,92.52,False,SKU-OPT-0002-SUP_LIMB_2,480,10,8000,14,3
SUP_LIMB_3,SKU-OPT-0002,2.76,6214,1.63,0.1844,seeded_country_baseline_not_live_ml,24,23,96.43,False,SKU-OPT-0002-SUP_LIMB_3,31,10,8000,14,3
SUP_RISK_HISU,SKU-OPT-0002,2.31,6411,2.00,0.165,seeded_country_baseline_not_live_ml,400,38,84.67,False,SKU-OPT-0002-SUP_RISK_HISU,600,10,8000,14,3
SUP_RISK_INDIASIL,SKU-OPT-0002,3.70,8159,2.21,0.1098,seeded_country_baseline_not_live_ml,100,22,97.89,False,SKU-OPT-0002-SUP_RISK_INDIASIL,120,10,8000,14,3
SUP_LIMB_1,SKU-OPT-0003,2.91,1369,0.87,0.0,seeded_country_baseline_not_live_ml,72,82,94.62,True,SKU-OPT-0003-SUP_LIMB_1,93,10,8000,14,3
SUP_LIMB_2,SKU-OPT-0003,2.82,7689,1.88,0.1692,seeded_country_baseline_not_live_ml,48,51,97.27,False,SKU-OPT-0003-SUP_LIMB_2,72,10,8000,14,3
SUP_LIMB_3,SKU-OPT-0003,2.65,6214,1.78,0.225,seeded_country_baseline_not_live_ml,72,23,90.30,False,SKU-OPT-0003-SUP_LIMB_3,115,10,8000,14,3
SUP_RISK_HISU,SKU-OPT-0003,3.04,6411,1.77,0.1808,seeded_country_baseline_not_live_ml,200,38,85.59,False,SKU-OPT-0003-SUP_RISK_HISU,240,10,8000,14,3
SUP_RISK_INDIASIL,SKU-OPT-0003,3.98,8159,2.47,0.1097,seeded_country_baseline_not_live_ml,144,22,88.34,False,SKU-OPT-0003-SUP_RISK_INDIASIL,187,10,8000,14,3
SUP_PACKAGING_1,SKU-OPT-0004,27.50,1786,0.72,0.0,seeded_country_baseline_not_live_ml,72,59,83.51,True,SKU-OPT-0004-SUP_PACKAGING_1,100,10,8000,14,3
SUP_PACKAGING_2,SKU-OPT-0004,22.29,1433,0.84,0.0,seeded_country_baseline_not_live_ml,36,18,93.14,False,SKU-OPT-0004-SUP_PACKAGING_2,46,10,8000,14,3
SUP_PACKAGING_3,SKU-OPT-0004,25.11,6588,1.84,0.1956,seeded_country_baseline_not_live_ml,72,63,94.50,False,SKU-OPT-0004-SUP_PACKAGING_3,115,10,8000,14,3
SUP_PACKAGING_4,SKU-OPT-0004,28.98,5198,1.69,0.1298,seeded_country_baseline_not_live_ml,100,94,97.75,False,SKU-OPT-0004-SUP_PACKAGING_4,120,10,8000,14,3
SUP_PACKAGING_5,SKU-OPT-0004,22.20,1208,0.86,0.0563,seeded_country_baseline_not_live_ml,500,61,83.99,False,SKU-OPT-0004-SUP_PACKAGING_5,700,10,8000,14,3
SUP_RISK_BOXINGDAY,SKU-OPT-0004,23.35,4559,1.63,0.116,seeded_country_baseline_not_live_ml,500,78,88.72,False,SKU-OPT-0004-SUP_RISK_BOXINGDAY,700,10,8000,14,3
SUP_RISK_BOXME,SKU-OPT-0004,20.90,2014,0.79,0.0,seeded_country_baseline_not_live_ml,400,24,73.95,False,SKU-OPT-0004-SUP_RISK_BOXME,520,10,8000,14,3
SUP_RISK_BOXY,SKU-OPT-0004,28.80,1901,0.57,0.0,seeded_country_baseline_not_live_ml,500,66,89.27,False,SKU-OPT-0004-SUP_RISK_BOXY,750,10,8000,14,3
SUP_RISK_CANADACONT,SKU-OPT-0004,20.37,1101,0.52,0.0545,seeded_country_baseline_not_live_ml,72,22,85.34,False,SKU-OPT-0004-SUP_RISK_CANADACONT,108,10,8000,14,3
SUP_PACKAGING_1,SKU-OPT-0005,21.32,1786,0.68,0.0,seeded_country_baseline_not_live_ml,300,59,97.61,True,SKU-OPT-0005-SUP_PACKAGING_1,480,10,8000,14,3
SUP_PACKAGING_2,SKU-OPT-0005,23.37,1433,0.65,0.0,seeded_country_baseline_not_live_ml,200,18,74.80,False,SKU-OPT-0005-SUP_PACKAGING_2,320,10,8000,14,3
SUP_PACKAGING_3,SKU-OPT-0005,27.43,6588,2.07,0.179,seeded_country_baseline_not_live_ml,200,63,82.56,False,SKU-OPT-0005-SUP_PACKAGING_3,320,10,8000,14,3
SUP_PACKAGING_4,SKU-OPT-0005,22.52,5198,1.77,0.1338,seeded_country_baseline_not_live_ml,24,94,90.12,False,SKU-OPT-0005-SUP_PACKAGING_4,28,10,8000,14,3
SUP_PACKAGING_5,SKU-OPT-0005,30.40,1208,1.06,0.0579,seeded_country_baseline_not_live_ml,36,61,79.23,False,SKU-OPT-0005-SUP_PACKAGING_5,43,10,8000,14,3
SUP_RISK_BOXINGDAY,SKU-OPT-0005,26.51,4559,1.40,0.101,seeded_country_baseline_not_live_ml,120,78,93.99,False,SKU-OPT-0005-SUP_RISK_BOXINGDAY,180,10,8000,14,3
SUP_RISK_BOXME,SKU-OPT-0005,28.50,2014,0.71,0.0,seeded_country_baseline_not_live_ml,200,24,97.37,False,SKU-OPT-0005-SUP_RISK_BOXME,260,10,8000,14,3
SUP_RISK_BOXY,SKU-OPT-0005,22.23,1901,0.73,0.0,seeded_country_baseline_not_live_ml,500,66,93.49,False,SKU-OPT-0005-SUP_RISK_BOXY,700,10,8000,14,3
SUP_RISK_CANADACONT,SKU-OPT-0005,26.82,1101,0.62,0.0481,seeded_country_baseline_not_live_ml,36,22,74.07,False,SKU-OPT-0005-SUP_RISK_CANADACONT,43,10,8000,14,3
SUP_PACKAGING_1,SKU-OPT-0006,20.53,1786,0.53,0.0,seeded_country_baseline_not_live_ml,100,59,92.13,True,SKU-OPT-0006-SUP_PACKAGING_1,160,10,8000,14,3
SUP_PACKAGING_2,SKU-OPT-0006,26.97,1433,0.62,0.0,seeded_country_baseline_not_live_ml,48,18,88.12,False,SKU-OPT-0006-SUP_PACKAGING_2,57,10,8000,14,3
SUP_PACKAGING_3,SKU-OPT-0006,21.16,6588,1.68,0.2224,seeded_country_baseline_not_live_ml,96,63,91.15,False,SKU-OPT-0006-SUP_PACKAGING_3,124,10,8000,14,3
SUP_PACKAGING_4,SKU-OPT-0006,30.25,5198,1.62,0.1009,seeded_country_baseline_not_live_ml,120,94,92.38,False,SKU-OPT-0006-SUP_PACKAGING_4,180,10,8000,14,3
SUP_PACKAGING_5,SKU-OPT-0006,21.60,1208,0.95,0.056,seeded_country_baseline_not_live_ml,72,61,89.90,False,SKU-OPT-0006-SUP_PACKAGING_5,86,10,8000,14,3
SUP_RISK_BOXINGDAY,SKU-OPT-0006,24.09,4559,1.53,0.1024,seeded_country_baseline_not_live_ml,250,78,88.23,False,SKU-OPT-0006-SUP_RISK_BOXINGDAY,350,10,8000,14,3
SUP_RISK_BOXME,SKU-OPT-0006,31.06,2014,1.03,0.0,seeded_country_baseline_not_live_ml,96,24,74.63,False,SKU-OPT-0006-SUP_RISK_BOXME,115,10,8000,14,3
SUP_RISK_BOXY,SKU-OPT-0006,30.12,1901,1.03,0.0,seeded_country_baseline_not_live_ml,12,66,86.62,False,SKU-OPT-0006-SUP_RISK_BOXY,19,10,8000,14,3
SUP_RISK_CANADACONT,SKU-OPT-0006,28.71,1101,0.79,0.0492,seeded_country_baseline_not_live_ml,120,22,83.03,False,SKU-OPT-0006-SUP_RISK_CANADACONT,168,10,8000,14,3
SUP_PACKAGING_1,SKU-OPT-0007,30.48,1786,1.10,0.0,seeded_country_baseline_not_live_ml,120,59,83.38,True,SKU-OPT-0007-SUP_PACKAGING_1,168,10,8000,14,3
SUP_PACKAGING_2,SKU-OPT-0007,31.88,1433,0.74,0.0,seeded_country_baseline_not_live_ml,400,18,86.97,False,SKU-OPT-0007-SUP_PACKAGING_2,640,10,8000,14,3
SUP_PACKAGING_3,SKU-OPT-0007,24.68,6588,1.63,0.2352,seeded_country_baseline_not_live_ml,24,63,73.46,False,SKU-OPT-0007-SUP_PACKAGING_3,28,10,8000,14,3
SUP_PACKAGING_4,SKU-OPT-0007,25.02,5198,1.29,0.1231,seeded_country_baseline_not_live_ml,168,94,84.00,False,SKU-OPT-0007-SUP_PACKAGING_4,252,10,8000,14,3
SUP_PACKAGING_5,SKU-OPT-0007,21.94,1208,0.95,0.0467,seeded_country_baseline_not_live_ml,144,61,82.22,False,SKU-OPT-0007-SUP_PACKAGING_5,230,10,8000,14,3
SUP_RISK_BOXINGDAY,SKU-OPT-0007,25.95,4559,1.21,0.1397,seeded_country_baseline_not_live_ml,120,78,86.77,False,SKU-OPT-0007-SUP_RISK_BOXINGDAY,192,10,8000,14,3
SUP_RISK_BOXME,SKU-OPT-0007,31.99,2014,0.85,0.0,seeded_country_baseline_not_live_ml,24,24,90.11,False,SKU-OPT-0007-SUP_RISK_BOXME,31,10,8000,14,3
SUP_RISK_BOXY,SKU-OPT-0007,29.47,1901,1.11,0.0,seeded_country_baseline_not_live_ml,300,66,73.82,False,SKU-OPT-0007-SUP_RISK_BOXY,420,10,8000,14,3
SUP_RISK_CANADACONT,SKU-OPT-0007,20.75,1101,0.80,0.0482,seeded_country_baseline_not_live_ml,300,22,76.60,False,SKU-OPT-0007-SUP_RISK_CANADACONT,390,10,8000,14,3
SUP_EYES_1,SKU-OPT-0008,5.58,5064,1.23,0.1504,seeded_country_baseline_not_live_ml,96,71,90.05,True,SKU-OPT-0008-SUP_EYES_1,134,10,8000,14,3
SUP_EYES_2,SKU-OPT-0008,6.12,5456,1.88,0.1352,seeded_country_baseline_not_live_ml,120,27,97.99,False,SKU-OPT-0008-SUP_EYES_2,168,10,8000,14,3
SUP_EYES_3,SKU-OPT-0008,2.78,6303,2.00,0.1818,seeded_country_baseline_not_live_ml,36,54,89.89,False,SKU-OPT-0008-SUP_EYES_3,43,10,8000,14,3
SUP_EYES_4,SKU-OPT-0008,6.13,7824,1.96,0.1102,seeded_country_baseline_not_live_ml,400,32,80.13,False,SKU-OPT-0008-SUP_EYES_4,600,10,8000,14,3
SUP_EYES_5,SKU-OPT-0008,3.34,7433,2.06,0.1485,seeded_country_baseline_not_live_ml,168,22,98.56,False,SKU-OPT-0008-SUP_EYES_5,218,10,8000,14,3
SUP_RISK_BEAUTYEYES,SKU-OPT-0008,2.26,1257,0.62,0.041,seeded_country_baseline_not_live_ml,36,65,87.03,False,SKU-OPT-0008-SUP_RISK_BEAUTYEYES,57,10,8000,14,3
SUP_RISK_ETOYS,SKU-OPT-0008,4.89,7055,1.63,0.1895,seeded_country_baseline_not_live_ml,200,54,74.69,False,SKU-OPT-0008-SUP_RISK_ETOYS,300,10,8000,14,3
SUP_RISK_EYESAN,SKU-OPT-0008,2.39,5273,1.34,0.1492,seeded_country_baseline_not_live_ml,72,33,88.47,False,SKU-OPT-0008-SUP_RISK_EYESAN,108,10,8000,14,3
SUP_RISK_IRIS,SKU-OPT-0008,6.48,619,0.96,0.0,seeded_country_baseline_not_live_ml,250,31,81.07,False,SKU-OPT-0008-SUP_RISK_IRIS,350,10,8000,14,3
SUP_EYES_1,SKU-OPT-0009,3.09,5064,1.67,0.1652,seeded_country_baseline_not_live_ml,12,71,91.35,True,SKU-OPT-0009-SUP_EYES_1,19,10,8000,14,3
SUP_EYES_2,SKU-OPT-0009,5.57,5456,1.38,0.1263,seeded_country_baseline_not_live_ml,200,27,73.04,False,SKU-OPT-0009-SUP_EYES_2,320,10,8000,14,3
SUP_EYES_3,SKU-OPT-0009,5.42,6303,1.48,0.2338,seeded_country_baseline_not_live_ml,120,54,84.95,False,SKU-OPT-0009-SUP_EYES_3,180,10,8000,14,3
SUP_EYES_4,SKU-OPT-0009,4.02,7824,2.16,0.1178,seeded_country_baseline_not_live_ml,96,32,90.43,False,SKU-OPT-0009-SUP_EYES_4,153,10,8000,14,3
SUP_EYES_5,SKU-OPT-0009,4.00,7433,1.94,0.1953,seeded_country_baseline_not_live_ml,100,22,77.45,False,SKU-OPT-0009-SUP_EYES_5,140,10,8000,14,3
SUP_RISK_BEAUTYEYES,SKU-OPT-0009,4.79,1257,0.88,0.049,seeded_country_baseline_not_live_ml,400,65,86.63,False,SKU-OPT-0009-SUP_RISK_BEAUTYEYES,480,10,8000,14,3
SUP_RISK_ETOYS,SKU-OPT-0009,2.94,7055,2.10,0.2092,seeded_country_baseline_not_live_ml,250,54,85.86,False,SKU-OPT-0009-SUP_RISK_ETOYS,325,10,8000,14,3
SUP_RISK_EYESAN,SKU-OPT-0009,6.25,5273,1.83,0.1469,seeded_country_baseline_not_live_ml,300,33,94.14,False,SKU-OPT-0009-SUP_RISK_EYESAN,390,10,8000,14,3
SUP_RISK_IRIS,SKU-OPT-0009,3.12,619,0.95,0.0,seeded_country_baseline_not_live_ml,168,31,84.57,False,SKU-OPT-0009-SUP_RISK_IRIS,268,10,8000,14,3
SUP_EYES_1,SKU-OPT-0010,4.16,5064,1.66,0.1756,seeded_country_baseline_not_live_ml,100,71,76.90,True,SKU-OPT-0010-SUP_EYES_1,160,10,8000,14,3
SUP_EYES_2,SKU-OPT-0010,3.10,5456,1.71,0.1742,seeded_country_baseline_not_live_ml,60,27,77.32,False,SKU-OPT-0010-SUP_EYES_2,78,10,8000,14,3
SUP_EYES_3,SKU-OPT-0010,4.85,6303,1.86,0.1708,seeded_country_baseline_not_live_ml,500,54,96.36,False,SKU-OPT-0010-SUP_EYES_3,650,10,8000,14,3
SUP_EYES_4,SKU-OPT-0010,5.98,7824,2.21,0.1212,seeded_country_baseline_not_live_ml,96,32,73.20,False,SKU-OPT-0010-SUP_EYES_4,144,10,8000,14,3
SUP_EYES_5,SKU-OPT-0010,7.18,7433,2.29,0.1739,seeded_country_baseline_not_live_ml,96,22,88.81,False,SKU-OPT-0010-SUP_EYES_5,134,10,8000,14,3
SUP_RISK_BEAUTYEYES,SKU-OPT-0010,4.32,1257,0.64,0.051,seeded_country_baseline_not_live_ml,24,65,88.45,False,SKU-OPT-0010-SUP_RISK_BEAUTYEYES,33,10,8000,14,3
SUP_RISK_ETOYS,SKU-OPT-0010,5.05,7055,1.99,0.1881,seeded_country_baseline_not_live_ml,300,54,84.84,False,SKU-OPT-0010-SUP_RISK_ETOYS,480,10,8000,14,3
SUP_RISK_EYESAN,SKU-OPT-0010,6.04,5273,1.29,0.1365,seeded_country_baseline_not_live_ml,12,33,74.58,False,SKU-OPT-0010-SUP_RISK_EYESAN,18,10,8000,14,3
SUP_RISK_IRIS,SKU-OPT-0010,6.60,619,0.43,0.0,seeded_country_baseline_not_live_ml,250,31,76.32,False,SKU-OPT-0010-SUP_RISK_IRIS,400,10,8000,14,3
SUP_EYES_1,SKU-OPT-0011,6.27,5064,1.60,0.1329,seeded_country_baseline_not_live_ml,200,71,75.48,True,SKU-OPT-0011-SUP_EYES_1,240,10,8000,14,3
SUP_EYES_2,SKU-OPT-0011,3.48,5456,1.85,0.1742,seeded_country_baseline_not_live_ml,36,27,86.01,False,SKU-OPT-0011-SUP_EYES_2,54,10,8000,14,3
SUP_EYES_3,SKU-OPT-0011,4.95,6303,1.93,0.1822,seeded_country_baseline_not_live_ml,72,54,92.39,False,SKU-OPT-0011-SUP_EYES_3,86,10,8000,14,3
SUP_EYES_4,SKU-OPT-0011,2.62,7824,2.00,0.1192,seeded_country_baseline_not_live_ml,60,32,86.54,False,SKU-OPT-0011-SUP_EYES_4,72,10,8000,14,3
SUP_EYES_5,SKU-OPT-0011,2.22,7433,2.09,0.2027,seeded_country_baseline_not_live_ml,120,22,81.08,False,SKU-OPT-0011-SUP_EYES_5,144,10,8000,14,3
SUP_RISK_BEAUTYEYES,SKU-OPT-0011,7.14,1257,0.77,0.0465,seeded_country_baseline_not_live_ml,250,65,84.93,False,SKU-OPT-0011-SUP_RISK_BEAUTYEYES,300,10,8000,14,3
SUP_RISK_ETOYS,SKU-OPT-0011,5.60,7055,1.96,0.1485,seeded_country_baseline_not_live_ml,24,54,74.82,False,SKU-OPT-0011-SUP_RISK_ETOYS,33,10,8000,14,3
SUP_RISK_EYESAN,SKU-OPT-0011,3.96,5273,1.51,0.1324,seeded_country_baseline_not_live_ml,100,33,94.74,False,SKU-OPT-0011-SUP_RISK_EYESAN,150,10,8000,14,3
SUP_RISK_IRIS,SKU-OPT-0011,3.93,619,0.54,0.0,seeded_country_baseline_not_live_ml,120,31,81.02,False,SKU-OPT-0011-SUP_RISK_IRIS,180,10,8000,14,3
SUP_EYES_1,SKU-OPT-0012,4.70,5064,1.67,0.1607,seeded_country_baseline_not_live_ml,400,71,81.34,True,SKU-OPT-0012-SUP_EYES_1,640,10,8000,14,3
SUP_EYES_2,SKU-OPT-0012,2.45,5456,1.94,0.1339,seeded_country_baseline_not_live_ml,200,27,93.91,False,SKU-OPT-0012-SUP_EYES_2,300,10,8000,14,3
SUP_EYES_3,SKU-OPT-0012,5.57,6303,1.47,0.2292,seeded_country_baseline_not_live_ml,60,54,98.60,False,SKU-OPT-0012-SUP_EYES_3,90,10,8000,14,3
SUP_EYES_4,SKU-OPT-0012,5.33,7824,2.12,0.139,seeded_country_baseline_not_live_ml,96,32,88.42,False,SKU-OPT-0012-SUP_EYES_4,134,10,8000,14,3
SUP_EYES_5,SKU-OPT-0012,5.26,7433,2.29,0.1901,seeded_country_baseline_not_live_ml,100,22,87.05,False,SKU-OPT-0012-SUP_EYES_5,160,10,8000,14,3
SUP_RISK_BEAUTYEYES,SKU-OPT-0012,2.52,1257,0.45,0.0515,seeded_country_baseline_not_live_ml,200,65,97.50,False,SKU-OPT-0012-SUP_RISK_BEAUTYEYES,300,10,8000,14,3
SUP_RISK_ETOYS,SKU-OPT-0012,2.94,7055,1.63,0.1886,seeded_country_baseline_not_live_ml,500,54,78.85,False,SKU-OPT-0012-SUP_RISK_ETOYS,650,10,8000,14,3
SUP_RISK_EYESAN,SKU-OPT-0012,5.49,5273,1.82,0.1644,seeded_country_baseline_not_live_ml,500,33,94.67,False,SKU-OPT-0012-SUP_RISK_EYESAN,800,10,8000,14,3
SUP_RISK_IRIS,SKU-OPT-0012,3.29,619,0.94,0.0,seeded_country_baseline_not_live_ml,24,31,73.31,False,SKU-OPT-0012-SUP_RISK_IRIS,31,10,8000,14,3
SUP_EYES_1,SKU-OPT-0013,5.87,5064,1.70,0.1602,seeded_country_baseline_not_live_ml,72,71,89.81,True,SKU-OPT-0013-SUP_EYES_1,108,10,8000,14,3
SUP_EYES_2,SKU-OPT-0013,6.02,5456,1.38,0.1509,seeded_country_baseline_not_live_ml,500,27,90.87,False,SKU-OPT-0013-SUP_EYES_2,600,10,8000,14,3
SUP_EYES_3,SKU-OPT-0013,5.02,6303,1.47,0.2208,seeded_country_baseline_not_live_ml,120,54,86.79,False,SKU-OPT-0013-SUP_EYES_3,168,10,8000,14,3
SUP_EYES_4,SKU-OPT-0013,2.86,7824,2.33,0.1342,seeded_country_baseline_not_live_ml,400,32,94.11,False,SKU-OPT-0013-SUP_EYES_4,480,10,8000,14,3
SUP_EYES_5,SKU-OPT-0013,6.08,7433,2.05,0.1525,seeded_country_baseline_not_live_ml,60,22,73.71,False,SKU-OPT-0013-SUP_EYES_5,72,10,8000,14,3
SUP_RISK_BEAUTYEYES,SKU-OPT-0013,3.66,1257,0.64,0.0543,seeded_country_baseline_not_live_ml,60,65,76.39,False,SKU-OPT-0013-SUP_RISK_BEAUTYEYES,96,10,8000,14,3
SUP_RISK_ETOYS,SKU-OPT-0013,6.60,7055,2.29,0.1841,seeded_country_baseline_not_live_ml,168,54,88.10,False,SKU-OPT-0013-SUP_RISK_ETOYS,252,10,8000,14,3
SUP_RISK_EYESAN,SKU-OPT-0013,4.72,5273,1.59,0.1571,seeded_country_baseline_not_live_ml,36,33,73.73,False,SKU-OPT-0013-SUP_RISK_EYESAN,43,10,8000,14,3
SUP_RISK_IRIS,SKU-OPT-0013,4.70,619,0.91,0.0,seeded_country_baseline_not_live_ml,100,31,86.24,False,SKU-OPT-0013-SUP_RISK_IRIS,120,10,8000,14,3
SUP_HAIR_1,SKU-OPT-0014,5.13,7983,2.11,0.1388,seeded_country_baseline_not_live_ml,200,60,97.16,True,SKU-OPT-0014-SUP_HAIR_1,320,10,8000,14,3
SUP_HAIR_2,SKU-OPT-0014,5.45,7916,2.42,0.1644,seeded_country_baseline_not_live_ml,120,43,92.67,False,SKU-OPT-0014-SUP_HAIR_2,156,10,8000,14,3
SUP_HAIR_3,SKU-OPT-0014,8.43,8063,2.26,0.1752,seeded_country_baseline_not_live_ml,250,50,79.09,False,SKU-OPT-0014-SUP_HAIR_3,400,10,8000,14,3
SUP_HAIR_4,SKU-OPT-0014,13.58,8558,2.46,0.2077,seeded_country_baseline_not_live_ml,48,18,83.62,False,SKU-OPT-0014-SUP_HAIR_4,57,10,8000,14,3
SUP_HAIR_5,SKU-OPT-0014,9.23,7851,2.11,0.1737,seeded_country_baseline_not_live_ml,144,61,85.99,False,SKU-OPT-0014-SUP_HAIR_5,230,10,8000,14,3
SUP_HAIR_6,SKU-OPT-0014,13.67,5606,1.84,0.1434,seeded_country_baseline_not_live_ml,48,74,94.26,False,SKU-OPT-0014-SUP_HAIR_6,67,10,8000,14,3
SUP_RISK_HAIRYSAN,SKU-OPT-0014,7.59,5600,1.80,0.1462,seeded_country_baseline_not_live_ml,48,47,76.23,False,SKU-OPT-0014-SUP_RISK_HAIRYSAN,76,10,8000,14,3
SUP_RISK_POLYSYTH,SKU-OPT-0014,14.15,8739,2.02,0.1942,seeded_country_baseline_not_live_ml,200,54,75.20,False,SKU-OPT-0014-SUP_RISK_POLYSYTH,300,10,8000,14,3
SUP_HAIR_1,SKU-OPT-0015,12.01,7983,1.91,0.1316,seeded_country_baseline_not_live_ml,200,60,76.01,True,SKU-OPT-0015-SUP_HAIR_1,240,10,8000,14,3
SUP_HAIR_2,SKU-OPT-0015,10.57,7916,1.86,0.1642,seeded_country_baseline_not_live_ml,300,43,95.97,False,SKU-OPT-0015-SUP_HAIR_2,390,10,8000,14,3
SUP_HAIR_3,SKU-OPT-0015,9.11,8063,1.97,0.2105,seeded_country_baseline_not_live_ml,300,50,91.23,False,SKU-OPT-0015-SUP_HAIR_3,360,10,8000,14,3
SUP_HAIR_4,SKU-OPT-0015,14.61,8558,2.13,0.1755,seeded_country_baseline_not_live_ml,48,18,78.59,False,SKU-OPT-0015-SUP_HAIR_4,72,10,8000,14,3
SUP_HAIR_5,SKU-OPT-0015,8.08,7851,2.04,0.1576,seeded_country_baseline_not_live_ml,48,61,95.47,False,SKU-OPT-0015-SUP_HAIR_5,67,10,8000,14,3
SUP_HAIR_6,SKU-OPT-0015,10.38,5606,1.84,0.1294,seeded_country_baseline_not_live_ml,96,74,93.42,False,SKU-OPT-0015-SUP_HAIR_6,144,10,8000,14,3
SUP_RISK_HAIRYSAN,SKU-OPT-0015,6.52,5600,1.39,0.1211,seeded_country_baseline_not_live_ml,250,47,95.76,False,SKU-OPT-0015-SUP_RISK_HAIRYSAN,375,10,8000,14,3
SUP_RISK_POLYSYTH,SKU-OPT-0015,10.99,8739,2.54,0.1847,seeded_country_baseline_not_live_ml,168,54,92.34,False,SKU-OPT-0015-SUP_RISK_POLYSYTH,252,10,8000,14,3
SUP_HAIR_1,SKU-OPT-0016,9.27,7983,2.46,0.1001,seeded_country_baseline_not_live_ml,300,60,84.44,True,SKU-OPT-0016-SUP_HAIR_1,420,10,8000,14,3
SUP_HAIR_2,SKU-OPT-0016,11.52,7916,2.00,0.215,seeded_country_baseline_not_live_ml,144,43,84.54,False,SKU-OPT-0016-SUP_HAIR_2,230,10,8000,14,3
SUP_HAIR_3,SKU-OPT-0016,14.76,8063,2.25,0.1902,seeded_country_baseline_not_live_ml,96,50,93.82,False,SKU-OPT-0016-SUP_HAIR_3,153,10,8000,14,3
SUP_HAIR_4,SKU-OPT-0016,14.13,8558,2.57,0.1874,seeded_country_baseline_not_live_ml,300,18,96.46,False,SKU-OPT-0016-SUP_HAIR_4,390,10,8000,14,3
SUP_HAIR_5,SKU-OPT-0016,8.57,7851,2.10,0.1804,seeded_country_baseline_not_live_ml,60,61,89.95,False,SKU-OPT-0016-SUP_HAIR_5,84,10,8000,14,3
SUP_HAIR_6,SKU-OPT-0016,10.74,5606,1.61,0.1593,seeded_country_baseline_not_live_ml,48,74,93.51,False,SKU-OPT-0016-SUP_HAIR_6,62,10,8000,14,3
SUP_RISK_HAIRYSAN,SKU-OPT-0016,9.28,5600,1.76,0.1205,seeded_country_baseline_not_live_ml,400,47,93.09,False,SKU-OPT-0016-SUP_RISK_HAIRYSAN,520,10,8000,14,3
SUP_RISK_POLYSYTH,SKU-OPT-0016,6.10,8739,2.43,0.1498,seeded_country_baseline_not_live_ml,100,54,86.97,False,SKU-OPT-0016-SUP_RISK_POLYSYTH,120,10,8000,14,3
SUP_HAIR_1,SKU-OPT-0017,7.55,7983,2.28,0.1338,seeded_country_baseline_not_live_ml,96,60,81.83,True,SKU-OPT-0017-SUP_HAIR_1,134,10,8000,14,3
SUP_HAIR_2,SKU-OPT-0017,8.29,7916,2.21,0.1678,seeded_country_baseline_not_live_ml,60,43,73.53,False,SKU-OPT-0017-SUP_HAIR_2,84,10,8000,14,3
SUP_HAIR_3,SKU-OPT-0017,14.23,8063,2.42,0.1623,seeded_country_baseline_not_live_ml,200,50,99.03,False,SKU-OPT-0017-SUP_HAIR_3,320,10,8000,14,3
SUP_HAIR_4,SKU-OPT-0017,6.50,8558,2.11,0.1795,seeded_country_baseline_not_live_ml,250,18,81.60,False,SKU-OPT-0017-SUP_HAIR_4,375,10,8000,14,3
SUP_HAIR_5,SKU-OPT-0017,7.41,7851,1.85,0.1634,seeded_country_baseline_not_live_ml,48,61,90.32,False,SKU-OPT-0017-SUP_HAIR_5,67,10,8000,14,3
SUP_HAIR_6,SKU-OPT-0017,12.22,5606,1.43,0.1502,seeded_country_baseline_not_live_ml,72,74,96.74,False,SKU-OPT-0017-SUP_HAIR_6,93,10,8000,14,3
SUP_RISK_HAIRYSAN,SKU-OPT-0017,8.60,5600,1.55,0.1362,seeded_country_baseline_not_live_ml,168,47,82.24,False,SKU-OPT-0017-SUP_RISK_HAIRYSAN,218,10,8000,14,3
SUP_RISK_POLYSYTH,SKU-OPT-0017,7.46,8739,2.16,0.1804,seeded_country_baseline_not_live_ml,96,54,87.75,False,SKU-OPT-0017-SUP_RISK_POLYSYTH,115,10,8000,14,3
SUP_HAIR_1,SKU-OPT-0018,10.59,7983,2.16,0.1086,seeded_country_baseline_not_live_ml,36,60,93.12,True,SKU-OPT-0018-SUP_HAIR_1,57,10,8000,14,3
SUP_HAIR_2,SKU-OPT-0018,12.41,7916,2.08,0.224,seeded_country_baseline_not_live_ml,120,43,83.70,False,SKU-OPT-0018-SUP_HAIR_2,144,10,8000,14,3
SUP_HAIR_3,SKU-OPT-0018,13.78,8063,1.86,0.1934,seeded_country_baseline_not_live_ml,250,50,90.45,False,SKU-OPT-0018-SUP_HAIR_3,325,10,8000,14,3
SUP_HAIR_4,SKU-OPT-0018,12.52,8558,1.99,0.1568,seeded_country_baseline_not_live_ml,400,18,81.24,False,SKU-OPT-0018-SUP_HAIR_4,640,10,8000,14,3
SUP_HAIR_5,SKU-OPT-0018,6.60,7851,2.01,0.1437,seeded_country_baseline_not_live_ml,144,61,98.63,False,SKU-OPT-0018-SUP_HAIR_5,187,10,8000,14,3
SUP_HAIR_6,SKU-OPT-0018,7.59,5606,1.63,0.1343,seeded_country_baseline_not_live_ml,72,74,95.19,False,SKU-OPT-0018-SUP_HAIR_6,86,10,8000,14,3
SUP_RISK_HAIRYSAN,SKU-OPT-0018,14.91,5600,1.65,0.1348,seeded_country_baseline_not_live_ml,24,47,79.57,False,SKU-OPT-0018-SUP_RISK_HAIRYSAN,36,10,8000,14,3
SUP_RISK_POLYSYTH,SKU-OPT-0018,7.25,8739,2.32,0.1861,seeded_country_baseline_not_live_ml,24,54,85.37,False,SKU-OPT-0018-SUP_RISK_POLYSYTH,36,10,8000,14,3
SUP_HAIR_1,SKU-OPT-0019,12.20,7983,1.82,0.1308,seeded_country_baseline_not_live_ml,200,60,92.15,True,SKU-OPT-0019-SUP_HAIR_1,320,10,8000,14,3
SUP_HAIR_2,SKU-OPT-0019,8.52,7916,2.27,0.214,seeded_country_baseline_not_live_ml,36,43,75.63,False,SKU-OPT-0019-SUP_HAIR_2,50,10,8000,14,3
SUP_HAIR_3,SKU-OPT-0019,13.20,8063,2.15,0.1731,seeded_country_baseline_not_live_ml,168,50,80.29,False,SKU-OPT-0019-SUP_HAIR_3,268,10,8000,14,3
SUP_HAIR_4,SKU-OPT-0019,13.61,8558,1.98,0.185,seeded_country_baseline_not_live_ml,24,18,82.66,False,SKU-OPT-0019-SUP_HAIR_4,28,10,8000,14,3
SUP_HAIR_5,SKU-OPT-0019,14.83,7851,2.09,0.1724,seeded_country_baseline_not_live_ml,500,61,80.61,False,SKU-OPT-0019-SUP_HAIR_5,750,10,8000,14,3
SUP_HAIR_6,SKU-OPT-0019,9.44,5606,1.63,0.1628,seeded_country_baseline_not_live_ml,144,74,88.12,False,SKU-OPT-0019-SUP_HAIR_6,230,10,8000,14,3
SUP_RISK_HAIRYSAN,SKU-OPT-0019,8.19,5600,1.59,0.1232,seeded_country_baseline_not_live_ml,500,47,92.07,False,SKU-OPT-0019-SUP_RISK_HAIRYSAN,700,10,8000,14,3
SUP_RISK_POLYSYTH,SKU-OPT-0019,8.08,8739,2.03,0.1561,seeded_country_baseline_not_live_ml,60,54,75.98,False,SKU-OPT-0019-SUP_RISK_POLYSYTH,96,10,8000,14,3
SUP_HAIR_1,SKU-OPT-0020,10.15,7983,1.88,0.13,seeded_country_baseline_not_live_ml,96,60,89.91,True,SKU-OPT-0020-SUP_HAIR_1,115,10,8000,14,3
SUP_HAIR_2,SKU-OPT-0020,12.64,7916,1.99,0.2308,seeded_country_baseline_not_live_ml,300,43,78.12,False,SKU-OPT-0020-SUP_HAIR_2,480,10,8000,14,3
SUP_HAIR_3,SKU-OPT-0020,6.07,8063,2.12,0.2174,seeded_country_baseline_not_live_ml,300,50,91.41,False,SKU-OPT-0020-SUP_HAIR_3,480,10,8000,14,3
SUP_HAIR_4,SKU-OPT-0020,6.74,8558,1.96,0.1771,seeded_country_baseline_not_live_ml,96,18,90.82,False,SKU-OPT-0020-SUP_HAIR_4,153,10,8000,14,3
SUP_HAIR_5,SKU-OPT-0020,14.65,7851,2.23,0.1675,seeded_country_baseline_not_live_ml,36,61,73.50,False,SKU-OPT-0020-SUP_HAIR_5,54,10,8000,14,3
SUP_HAIR_6,SKU-OPT-0020,5.12,5606,1.35,0.1537,seeded_country_baseline_not_live_ml,36,74,89.20,False,SKU-OPT-0020-SUP_HAIR_6,46,10,8000,14,3
SUP_RISK_HAIRYSAN,SKU-OPT-0020,8.97,5600,1.84,0.1442,seeded_country_baseline_not_live_ml,100,47,78.78,False,SKU-OPT-0020-SUP_RISK_HAIRYSAN,120,10,8000,14,3
SUP_RISK_POLYSYTH,SKU-OPT-0020,11.92,8739,2.27,0.2034,seeded_country_baseline_not_live_ml,48,54,80.70,False,SKU-OPT-0020-SUP_RISK_POLYSYTH,72,10,8000,14,3
SUP_HAIR_1,SKU-OPT-0021,8.12,7983,1.91,0.1194,seeded_country_baseline_not_live_ml,96,60,96.87,True,SKU-OPT-0021-SUP_HAIR_1,124,10,8000,14,3
SUP_HAIR_2,SKU-OPT-0021,12.27,7916,2.41,0.1876,seeded_country_baseline_not_live_ml,12,43,82.56,False,SKU-OPT-0021-SUP_HAIR_2,18,10,8000,14,3
SUP_HAIR_3,SKU-OPT-0021,14.69,8063,2.06,0.1984,seeded_country_baseline_not_live_ml,36,50,81.55,False,SKU-OPT-0021-SUP_HAIR_3,57,10,8000,14,3
SUP_HAIR_4,SKU-OPT-0021,7.09,8558,2.39,0.1609,seeded_country_baseline_not_live_ml,144,18,81.53,False,SKU-OPT-0021-SUP_HAIR_4,201,10,8000,14,3
SUP_HAIR_5,SKU-OPT-0021,9.30,7851,2.27,0.1936,seeded_country_baseline_not_live_ml,144,61,98.69,False,SKU-OPT-0021-SUP_HAIR_5,230,10,8000,14,3
SUP_HAIR_6,SKU-OPT-0021,13.48,5606,1.69,0.1621,seeded_country_baseline_not_live_ml,200,74,76.98,False,SKU-OPT-0021-SUP_HAIR_6,320,10,8000,14,3
SUP_RISK_HAIRYSAN,SKU-OPT-0021,6.64,5600,1.84,0.1576,seeded_country_baseline_not_live_ml,96,47,76.64,False,SKU-OPT-0021-SUP_RISK_HAIRYSAN,124,10,8000,14,3
SUP_RISK_POLYSYTH,SKU-OPT-0021,6.89,8739,2.41,0.2032,seeded_country_baseline_not_live_ml,60,54,88.51,False,SKU-OPT-0021-SUP_RISK_POLYSYTH,90,10,8000,14,3
SUP_HAIR_1,SKU-OPT-0022,12.62,7983,2.12,0.1289,seeded_country_baseline_not_live_ml,120,60,83.48,True,SKU-OPT-0022-SUP_HAIR_1,168,10,8000,14,3
SUP_HAIR_2,SKU-OPT-0022,9.71,7916,1.86,0.2112,seeded_country_baseline_not_live_ml,250,43,82.48,False,SKU-OPT-0022-SUP_HAIR_2,350,10,8000,14,3
SUP_HAIR_3,SKU-OPT-0022,9.05,8063,2.47,0.2232,seeded_country_baseline_not_live_ml,200,50,76.93,False,SKU-OPT-0022-SUP_HAIR_3,300,10,8000,14,3
SUP_HAIR_4,SKU-OPT-0022,12.25,8558,2.25,0.1809,seeded_country_baseline_not_live_ml,500,18,94.91,False,SKU-OPT-0022-SUP_HAIR_4,700,10,8000,14,3
SUP_HAIR_5,SKU-OPT-0022,9.86,7851,2.12,0.1627,seeded_country_baseline_not_live_ml,48,61,93.54,False,SKU-OPT-0022-SUP_HAIR_5,76,10,8000,14,3
SUP_HAIR_6,SKU-OPT-0022,14.55,5606,1.49,0.1214,seeded_country_baseline_not_live_ml,96,74,91.33,False,SKU-OPT-0022-SUP_HAIR_6,153,10,8000,14,3
SUP_RISK_HAIRYSAN,SKU-OPT-0022,10.03,5600,1.36,0.1163,seeded_country_baseline_not_live_ml,168,47,74.88,False,SKU-OPT-0022-SUP_RISK_HAIRYSAN,268,10,8000,14,3
SUP_RISK_POLYSYTH,SKU-OPT-0022,12.87,8739,2.11,0.1807,seeded_country_baseline_not_live_ml,36,54,80.05,False,SKU-OPT-0022-SUP_RISK_POLYSYTH,46,10,8000,14,3
SUP_HAIR_1,SKU-OPT-0023,12.74,7983,2.27,0.14,seeded_country_baseline_not_live_ml,12,60,80.96,True,SKU-OPT-0023-SUP_HAIR_1,16,10,8000,14,3
SUP_HAIR_2,SKU-OPT-0023,5.38,7916,2.27,0.2214,seeded_country_baseline_not_live_ml,500,43,80.53,False,SKU-OPT-0023-SUP_HAIR_2,700,10,8000,14,3
SUP_HAIR_3,SKU-OPT-0023,5.59,8063,2.28,0.1807,seeded_country_baseline_not_live_ml,168,50,87.84,False,SKU-OPT-0023-SUP_HAIR_3,201,10,8000,14,3
SUP_HAIR_4,SKU-OPT-0023,8.42,8558,2.19,0.1611,seeded_country_baseline_not_live_ml,144,18,77.01,False,SKU-OPT-0023-SUP_HAIR_4,230,10,8000,14,3
SUP_HAIR_5,SKU-OPT-0023,7.09,7851,2.06,0.1906,seeded_country_baseline_not_live_ml,100,61,93.24,False,SKU-OPT-0023-SUP_HAIR_5,150,10,8000,14,3
SUP_HAIR_6,SKU-OPT-0023,12.42,5606,1.42,0.1445,seeded_country_baseline_not_live_ml,250,74,89.69,False,SKU-OPT-0023-SUP_HAIR_6,300,10,8000,14,3
SUP_RISK_HAIRYSAN,SKU-OPT-0023,7.26,5600,1.47,0.1298,seeded_country_baseline_not_live_ml,60,47,76.88,False,SKU-OPT-0023-SUP_RISK_HAIRYSAN,84,10,8000,14,3
SUP_RISK_POLYSYTH,SKU-OPT-0023,9.87,8739,2.58,0.205,seeded_country_baseline_not_live_ml,36,54,91.38,False,SKU-OPT-0023-SUP_RISK_POLYSYTH,54,10,8000,14,3
SUP_HAIR_1,SKU-OPT-0024,8.91,7983,2.42,0.1223,seeded_country_baseline_not_live_ml,100,60,97.11,True,SKU-OPT-0024-SUP_HAIR_1,150,10,8000,14,3
SUP_HAIR_2,SKU-OPT-0024,6.17,7916,1.97,0.1958,seeded_country_baseline_not_live_ml,144,43,75.15,False,SKU-OPT-0024-SUP_HAIR_2,187,10,8000,14,3
SUP_HAIR_3,SKU-OPT-0024,14.49,8063,2.03,0.2221,seeded_country_baseline_not_live_ml,168,50,90.30,False,SKU-OPT-0024-SUP_HAIR_3,218,10,8000,14,3
SUP_HAIR_4,SKU-OPT-0024,6.83,8558,2.39,0.1483,seeded_country_baseline_not_live_ml,72,18,84.03,False,SKU-OPT-0024-SUP_HAIR_4,86,10,8000,14,3
SUP_HAIR_5,SKU-OPT-0024,12.06,7851,2.25,0.1591,seeded_country_baseline_not_live_ml,300,61,76.11,False,SKU-OPT-0024-SUP_HAIR_5,480,10,8000,14,3
SUP_HAIR_6,SKU-OPT-0024,8.77,5606,1.83,0.1302,seeded_country_baseline_not_live_ml,100,74,85.01,False,SKU-OPT-0024-SUP_HAIR_6,120,10,8000,14,3
SUP_RISK_HAIRYSAN,SKU-OPT-0024,10.49,5600,1.91,0.1295,seeded_country_baseline_not_live_ml,12,47,84.61,False,SKU-OPT-0024-SUP_RISK_HAIRYSAN,15,10,8000,14,3
SUP_RISK_POLYSYTH,SKU-OPT-0024,10.57,8739,2.05,0.1683,seeded_country_baseline_not_live_ml,120,54,90.44,False,SKU-OPT-0024-SUP_RISK_POLYSYTH,180,10,8000,14,3
SUP_HAIR_1,SKU-OPT-0025,10.27,7983,1.97,0.141,seeded_country_baseline_not_live_ml,200,60,82.12,True,SKU-OPT-0025-SUP_HAIR_1,320,10,8000,14,3
SUP_HAIR_2,SKU-OPT-0025,14.43,7916,2.04,0.1668,seeded_country_baseline_not_live_ml,500,43,95.90,False,SKU-OPT-0025-SUP_HAIR_2,650,10,8000,14,3
SUP_HAIR_3,SKU-OPT-0025,9.32,8063,2.00,0.171,seeded_country_baseline_not_live_ml,100,50,86.50,False,SKU-OPT-0025-SUP_HAIR_3,130,10,8000,14,3
SUP_HAIR_4,SKU-OPT-0025,7.55,8558,2.21,0.2003,seeded_country_baseline_not_live_ml,300,18,83.65,False,SKU-OPT-0025-SUP_HAIR_4,450,10,8000,14,3
SUP_HAIR_5,SKU-OPT-0025,10.25,7851,1.91,0.1654,seeded_country_baseline_not_live_ml,48,61,74.15,False,SKU-OPT-0025-SUP_HAIR_5,76,10,8000,14,3
SUP_HAIR_6,SKU-OPT-0025,9.40,5606,1.64,0.1175,seeded_country_baseline_not_live_ml,48,74,96.90,False,SKU-OPT-0025-SUP_HAIR_6,57,10,8000,14,3
SUP_RISK_HAIRYSAN,SKU-OPT-0025,12.75,5600,1.71,0.1243,seeded_country_baseline_not_live_ml,168,47,89.67,False,SKU-OPT-0025-SUP_RISK_HAIRYSAN,235,10,8000,14,3
SUP_RISK_POLYSYTH,SKU-OPT-0025,11.13,8739,2.22,0.1708,seeded_country_baseline_not_live_ml,12,54,97.04,False,SKU-OPT-0025-SUP_RISK_POLYSYTH,15,10,8000,14,3
SUP_HAIR_1,SKU-OPT-0026,5.77,7983,1.97,0.1022,seeded_country_baseline_not_live_ml,12,60,91.99,True,SKU-OPT-0026-SUP_HAIR_1,16,10,8000,14,3
SUP_HAIR_2,SKU-OPT-0026,13.04,7916,2.18,0.1804,seeded_country_baseline_not_live_ml,12,43,85.61,False,SKU-OPT-0026-SUP_HAIR_2,18,10,8000,14,3
SUP_HAIR_3,SKU-OPT-0026,10.99,8063,2.45,0.2145,seeded_country_baseline_not_live_ml,120,50,91.67,False,SKU-OPT-0026-SUP_HAIR_3,180,10,8000,14,3
SUP_HAIR_4,SKU-OPT-0026,11.62,8558,2.09,0.2122,seeded_country_baseline_not_live_ml,96,18,96.29,False,SKU-OPT-0026-SUP_HAIR_4,144,10,8000,14,3
SUP_HAIR_5,SKU-OPT-0026,6.69,7851,2.20,0.1554,seeded_country_baseline_not_live_ml,168,61,76.09,False,SKU-OPT-0026-SUP_HAIR_5,268,10,8000,14,3
SUP_HAIR_6,SKU-OPT-0026,15.00,5606,1.90,0.1282,seeded_country_baseline_not_live_ml,168,74,89.27,False,SKU-OPT-0026-SUP_HAIR_6,218,10,8000,14,3
SUP_RISK_HAIRYSAN,SKU-OPT-0026,13.35,5600,1.55,0.1169,seeded_country_baseline_not_live_ml,48,47,82.30,False,SKU-OPT-0026-SUP_RISK_HAIRYSAN,67,10,8000,14,3
SUP_RISK_POLYSYTH,SKU-OPT-0026,10.53,8739,2.35,0.1836,seeded_country_baseline_not_live_ml,500,54,77.02,False,SKU-OPT-0026-SUP_RISK_POLYSYTH,650,10,8000,14,3
SUP_HAIR_1,SKU-OPT-0027,7.83,7983,2.36,0.1114,seeded_country_baseline_not_live_ml,100,60,89.17,True,SKU-OPT-0027-SUP_HAIR_1,150,10,8000,14,3
SUP_HAIR_2,SKU-OPT-0027,13.89,7916,2.24,0.1726,seeded_country_baseline_not_live_ml,300,43,97.78,False,SKU-OPT-0027-SUP_HAIR_2,480,10,8000,14,3
SUP_HAIR_3,SKU-OPT-0027,7.74,8063,2.02,0.1615,seeded_country_baseline_not_live_ml,144,50,93.73,False,SKU-OPT-0027-SUP_HAIR_3,230,10,8000,14,3
SUP_HAIR_4,SKU-OPT-0027,10.66,8558,2.31,0.1625,seeded_country_baseline_not_live_ml,200,18,85.52,False,SKU-OPT-0027-SUP_HAIR_4,280,10,8000,14,3
SUP_HAIR_5,SKU-OPT-0027,8.77,7851,2.34,0.1698,seeded_country_baseline_not_live_ml,72,61,76.62,False,SKU-OPT-0027-SUP_HAIR_5,108,10,8000,14,3
SUP_HAIR_6,SKU-OPT-0027,9.67,5606,1.32,0.1565,seeded_country_baseline_not_live_ml,400,74,86.74,False,SKU-OPT-0027-SUP_HAIR_6,560,10,8000,14,3
SUP_RISK_HAIRYSAN,SKU-OPT-0027,13.00,5600,1.87,0.1317,seeded_country_baseline_not_live_ml,200,47,81.73,False,SKU-OPT-0027-SUP_RISK_HAIRYSAN,320,10,8000,14,3
SUP_RISK_POLYSYTH,SKU-OPT-0027,11.24,8739,2.62,0.1489,seeded_country_baseline_not_live_ml,48,54,93.23,False,SKU-OPT-0027-SUP_RISK_POLYSYTH,72,10,8000,14,3
SUP_HAIR_1,SKU-OPT-0028,12.01,7983,1.89,0.1128,seeded_country_baseline_not_live_ml,168,60,87.95,True,SKU-OPT-0028-SUP_HAIR_1,252,10,8000,14,3
SUP_HAIR_2,SKU-OPT-0028,12.93,7916,2.19,0.2202,seeded_country_baseline_not_live_ml,300,43,88.53,False,SKU-OPT-0028-SUP_HAIR_2,450,10,8000,14,3
SUP_HAIR_3,SKU-OPT-0028,10.72,8063,2.41,0.2183,seeded_country_baseline_not_live_ml,36,50,90.87,False,SKU-OPT-0028-SUP_HAIR_3,50,10,8000,14,3
SUP_HAIR_4,SKU-OPT-0028,9.70,8558,1.92,0.1478,seeded_country_baseline_not_live_ml,36,18,86.40,False,SKU-OPT-0028-SUP_HAIR_4,50,10,8000,14,3
SUP_HAIR_5,SKU-OPT-0028,11.21,7851,2.12,0.1799,seeded_country_baseline_not_live_ml,72,61,98.20,False,SKU-OPT-0028-SUP_HAIR_5,100,10,8000,14,3
SUP_HAIR_6,SKU-OPT-0028,10.18,5606,1.39,0.1245,seeded_country_baseline_not_live_ml,250,74,77.03,False,SKU-OPT-0028-SUP_HAIR_6,300,10,8000,14,3
SUP_RISK_HAIRYSAN,SKU-OPT-0028,9.18,5600,1.93,0.1245,seeded_country_baseline_not_live_ml,48,47,79.67,False,SKU-OPT-0028-SUP_RISK_HAIRYSAN,62,10,8000,14,3
SUP_RISK_POLYSYTH,SKU-OPT-0028,12.66,8739,2.48,0.1701,seeded_country_baseline_not_live_ml,24,54,82.59,False,SKU-OPT-0028-SUP_RISK_POLYSYTH,36,10,8000,14,3
SUP_HAIR_1,SKU-OPT-0029,14.90,7983,1.88,0.1111,seeded_country_baseline_not_live_ml,300,60,80.36,True,SKU-OPT-0029-SUP_HAIR_1,420,10,8000,14,3
SUP_HAIR_2,SKU-OPT-0029,7.68,7916,1.84,0.1972,seeded_country_baseline_not_live_ml,60,43,90.13,False,SKU-OPT-0029-SUP_HAIR_2,90,10,8000,14,3
SUP_HAIR_3,SKU-OPT-0029,5.51,8063,2.34,0.197,seeded_country_baseline_not_live_ml,120,50,83.41,False,SKU-OPT-0029-SUP_HAIR_3,156,10,8000,14,3
SUP_HAIR_4,SKU-OPT-0029,11.56,8558,2.56,0.2074,seeded_country_baseline_not_live_ml,168,18,79.50,False,SKU-OPT-0029-SUP_HAIR_4,201,10,8000,14,3
SUP_HAIR_5,SKU-OPT-0029,13.42,7851,1.87,0.1945,seeded_country_baseline_not_live_ml,24,61,94.52,False,SKU-OPT-0029-SUP_HAIR_5,31,10,8000,14,3
SUP_HAIR_6,SKU-OPT-0029,7.35,5606,1.40,0.1418,seeded_country_baseline_not_live_ml,72,74,90.36,False,SKU-OPT-0029-SUP_HAIR_6,100,10,8000,14,3
SUP_RISK_HAIRYSAN,SKU-OPT-0029,14.36,5600,1.72,0.1595,seeded_country_baseline_not_live_ml,250,47,76.87,False,SKU-OPT-0029-SUP_RISK_HAIRYSAN,400,10,8000,14,3
SUP_RISK_POLYSYTH,SKU-OPT-0029,14.58,8739,2.42,0.2065,seeded_country_baseline_not_live_ml,400,54,87.71,False,SKU-OPT-0029-SUP_RISK_POLYSYTH,600,10,8000,14,3
SUP_HAIR_1,SKU-OPT-0030,8.41,7983,1.97,0.1033,seeded_country_baseline_not_live_ml,144,60,86.69,True,SKU-OPT-0030-SUP_HAIR_1,172,10,8000,14,3
SUP_HAIR_2,SKU-OPT-0030,14.87,7916,1.82,0.2008,seeded_country_baseline_not_live_ml,120,43,86.16,False,SKU-OPT-0030-SUP_HAIR_2,180,10,8000,14,3
SUP_HAIR_3,SKU-OPT-0030,11.95,8063,2.35,0.2022,seeded_country_baseline_not_live_ml,400,50,89.15,False,SKU-OPT-0030-SUP_HAIR_3,600,10,8000,14,3
SUP_HAIR_4,SKU-OPT-0030,10.39,8558,2.59,0.1498,seeded_country_baseline_not_live_ml,168,18,91.39,False,SKU-OPT-0030-SUP_HAIR_4,235,10,8000,14,3
SUP_HAIR_5,SKU-OPT-0030,12.52,7851,1.90,0.1632,seeded_country_baseline_not_live_ml,200,61,94.17,False,SKU-OPT-0030-SUP_HAIR_5,320,10,8000,14,3
SUP_HAIR_6,SKU-OPT-0030,8.73,5606,1.87,0.1179,seeded_country_baseline_not_live_ml,60,74,79.16,False,SKU-OPT-0030-SUP_HAIR_6,90,10,8000,14,3
SUP_RISK_HAIRYSAN,SKU-OPT-0030,13.65,5600,1.83,0.1621,seeded_country_baseline_not_live_ml,24,47,85.23,False,SKU-OPT-0030-SUP_RISK_HAIRYSAN,33,10,8000,14,3
SUP_RISK_POLYSYTH,SKU-OPT-0030,11.28,8739,2.47,0.2034,seeded_country_baseline_not_live_ml,300,54,93.28,False,SKU-OPT-0030-SUP_RISK_POLYSYTH,420,10,8000,14,3
SUP_HAIR_1,SKU-OPT-0031,9.26,7983,1.80,0.1309,seeded_country_baseline_not_live_ml,144,60,91.77,True,SKU-OPT-0031-SUP_HAIR_1,187,10,8000,14,3
SUP_HAIR_2,SKU-OPT-0031,13.03,7916,1.90,0.2336,seeded_country_baseline_not_live_ml,12,43,73.11,False,SKU-OPT-0031-SUP_HAIR_2,15,10,8000,14,3
SUP_HAIR_3,SKU-OPT-0031,7.86,8063,1.85,0.2174,seeded_country_baseline_not_live_ml,400,50,83.30,False,SKU-OPT-0031-SUP_HAIR_3,600,10,8000,14,3
SUP_HAIR_4,SKU-OPT-0031,7.28,8558,2.08,0.1523,seeded_country_baseline_not_live_ml,36,18,89.00,False,SKU-OPT-0031-SUP_HAIR_4,46,10,8000,14,3
SUP_HAIR_5,SKU-OPT-0031,6.35,7851,2.10,0.1821,seeded_country_baseline_not_live_ml,48,61,90.09,False,SKU-OPT-0031-SUP_HAIR_5,72,10,8000,14,3
SUP_HAIR_6,SKU-OPT-0031,13.94,5606,1.87,0.1281,seeded_country_baseline_not_live_ml,100,74,92.28,False,SKU-OPT-0031-SUP_HAIR_6,150,10,8000,14,3
SUP_RISK_HAIRYSAN,SKU-OPT-0031,12.87,5600,1.73,0.1243,seeded_country_baseline_not_live_ml,96,47,89.74,False,SKU-OPT-0031-SUP_RISK_HAIRYSAN,153,10,8000,14,3
SUP_RISK_POLYSYTH,SKU-OPT-0031,11.85,8739,2.13,0.1906,seeded_country_baseline_not_live_ml,36,54,80.48,False,SKU-OPT-0031-SUP_RISK_POLYSYTH,50,10,8000,14,3
SUP_HAIR_1,SKU-OPT-0032,12.91,7983,1.91,0.139,seeded_country_baseline_not_live_ml,96,60,85.93,True,SKU-OPT-0032-SUP_HAIR_1,115,10,8000,14,3
SUP_HAIR_2,SKU-OPT-0032,14.28,7916,2.20,0.236,seeded_country_baseline_not_live_ml,24,43,91.57,False,SKU-OPT-0032-SUP_HAIR_2,33,10,8000,14,3
SUP_HAIR_3,SKU-OPT-0032,13.89,8063,1.84,0.1864,seeded_country_baseline_not_live_ml,24,50,83.24,False,SKU-OPT-0032-SUP_HAIR_3,36,10,8000,14,3
SUP_HAIR_4,SKU-OPT-0032,7.12,8558,2.49,0.1843,seeded_country_baseline_not_live_ml,12,18,84.04,False,SKU-OPT-0032-SUP_HAIR_4,15,10,8000,14,3
SUP_HAIR_5,SKU-OPT-0032,13.30,7851,1.93,0.1972,seeded_country_baseline_not_live_ml,300,61,76.89,False,SKU-OPT-0032-SUP_HAIR_5,420,10,8000,14,3
SUP_HAIR_6,SKU-OPT-0032,10.64,5606,1.97,0.1224,seeded_country_baseline_not_live_ml,72,74,96.87,False,SKU-OPT-0032-SUP_HAIR_6,86,10,8000,14,3
SUP_RISK_HAIRYSAN,SKU-OPT-0032,5.06,5600,1.50,0.1462,seeded_country_baseline_not_live_ml,300,47,73.83,False,SKU-OPT-0032-SUP_RISK_HAIRYSAN,390,10,8000,14,3
SUP_RISK_POLYSYTH,SKU-OPT-0032,5.74,8739,2.39,0.1611,seeded_country_baseline_not_live_ml,144,54,84.25,False,SKU-OPT-0032-SUP_RISK_POLYSYTH,172,10,8000,14,3
SUP_HAIR_1,SKU-OPT-0033,14.88,7983,1.90,0.1279,seeded_country_baseline_not_live_ml,36,60,83.48,True,SKU-OPT-0033-SUP_HAIR_1,46,10,8000,14,3
SUP_HAIR_2,SKU-OPT-0033,14.55,7916,1.92,0.2214,seeded_country_baseline_not_live_ml,96,43,92.93,False,SKU-OPT-0033-SUP_HAIR_2,115,10,8000,14,3
SUP_HAIR_3,SKU-OPT-0033,10.49,8063,1.97,0.1606,seeded_country_baseline_not_live_ml,24,50,81.49,False,SKU-OPT-0033-SUP_HAIR_3,33,10,8000,14,3
SUP_HAIR_4,SKU-OPT-0033,7.78,8558,1.94,0.1906,seeded_country_baseline_not_live_ml,48,18,76.00,False,SKU-OPT-0033-SUP_HAIR_4,67,10,8000,14,3
SUP_HAIR_5,SKU-OPT-0033,10.33,7851,1.78,0.1557,seeded_country_baseline_not_live_ml,48,61,89.98,False,SKU-OPT-0033-SUP_HAIR_5,57,10,8000,14,3
SUP_HAIR_6,SKU-OPT-0033,9.00,5606,1.73,0.1491,seeded_country_baseline_not_live_ml,144,74,76.62,False,SKU-OPT-0033-SUP_HAIR_6,230,10,8000,14,3
SUP_RISK_HAIRYSAN,SKU-OPT-0033,13.93,5600,1.92,0.1317,seeded_country_baseline_not_live_ml,48,47,86.68,False,SKU-OPT-0033-SUP_RISK_HAIRYSAN,76,10,8000,14,3
SUP_RISK_POLYSYTH,SKU-OPT-0033,13.68,8739,2.13,0.1789,seeded_country_baseline_not_live_ml,144,54,74.76,False,SKU-OPT-0033-SUP_RISK_POLYSYTH,187,10,8000,14,3
SUP_HAIR_1,SKU-OPT-0034,9.38,7983,2.18,0.1404,seeded_country_baseline_not_live_ml,400,60,84.85,True,SKU-OPT-0034-SUP_HAIR_1,480,10,8000,14,3
SUP_HAIR_2,SKU-OPT-0034,7.73,7916,1.83,0.168,seeded_country_baseline_not_live_ml,48,43,88.27,False,SKU-OPT-0034-SUP_HAIR_2,72,10,8000,14,3
SUP_HAIR_3,SKU-OPT-0034,5.64,8063,2.37,0.1796,seeded_country_baseline_not_live_ml,168,50,86.57,False,SKU-OPT-0034-SUP_HAIR_3,218,10,8000,14,3
SUP_HAIR_4,SKU-OPT-0034,14.06,8558,2.09,0.1957,seeded_country_baseline_not_live_ml,200,18,82.77,False,SKU-OPT-0034-SUP_HAIR_4,320,10,8000,14,3
SUP_HAIR_5,SKU-OPT-0034,9.38,7851,1.80,0.1887,seeded_country_baseline_not_live_ml,168,61,83.47,False,SKU-OPT-0034-SUP_HAIR_5,252,10,8000,14,3
SUP_HAIR_6,SKU-OPT-0034,6.20,5606,1.98,0.1263,seeded_country_baseline_not_live_ml,120,74,92.87,False,SKU-OPT-0034-SUP_HAIR_6,144,10,8000,14,3
SUP_RISK_HAIRYSAN,SKU-OPT-0034,8.28,5600,1.74,0.1257,seeded_country_baseline_not_live_ml,96,47,93.50,False,SKU-OPT-0034-SUP_RISK_HAIRYSAN,115,10,8000,14,3
SUP_RISK_POLYSYTH,SKU-OPT-0034,7.78,8739,2.50,0.2072,seeded_country_baseline_not_live_ml,48,54,82.97,False,SKU-OPT-0034-SUP_RISK_POLYSYTH,62,10,8000,14,3
SUP_HAIR_1,SKU-OPT-0035,6.67,7983,2.33,0.1333,seeded_country_baseline_not_live_ml,500,60,78.00,True,SKU-OPT-0035-SUP_HAIR_1,650,10,8000,14,3
SUP_HAIR_2,SKU-OPT-0035,14.04,7916,2.17,0.189,seeded_country_baseline_not_live_ml,200,43,95.33,False,SKU-OPT-0035-SUP_HAIR_2,300,10,8000,14,3
SUP_HAIR_3,SKU-OPT-0035,13.88,8063,2.03,0.1839,seeded_country_baseline_not_live_ml,200,50,83.14,False,SKU-OPT-0035-SUP_HAIR_3,320,10,8000,14,3
SUP_HAIR_4,SKU-OPT-0035,9.38,8558,1.93,0.1481,seeded_country_baseline_not_live_ml,250,18,88.08,False,SKU-OPT-0035-SUP_HAIR_4,350,10,8000,14,3
SUP_HAIR_5,SKU-OPT-0035,5.32,7851,1.97,0.1615,seeded_country_baseline_not_live_ml,250,61,81.07,False,SKU-OPT-0035-SUP_HAIR_5,350,10,8000,14,3
SUP_HAIR_6,SKU-OPT-0035,7.87,5606,1.99,0.1467,seeded_country_baseline_not_live_ml,250,74,97.45,False,SKU-OPT-0035-SUP_HAIR_6,325,10,8000,14,3
SUP_RISK_HAIRYSAN,SKU-OPT-0035,11.22,5600,1.51,0.1348,seeded_country_baseline_not_live_ml,168,47,96.30,False,SKU-OPT-0035-SUP_RISK_HAIRYSAN,235,10,8000,14,3
SUP_RISK_POLYSYTH,SKU-OPT-0035,7.21,8739,2.26,0.1755,seeded_country_baseline_not_live_ml,168,54,98.68,False,SKU-OPT-0035-SUP_RISK_POLYSYTH,235,10,8000,14,3
SUP_HAIR_1,SKU-OPT-0036,8.13,7983,1.89,0.1032,seeded_country_baseline_not_live_ml,72,60,76.14,True,SKU-OPT-0036-SUP_HAIR_1,100,10,8000,14,3
SUP_HAIR_2,SKU-OPT-0036,6.55,7916,2.18,0.1812,seeded_country_baseline_not_live_ml,96,43,94.35,False,SKU-OPT-0036-SUP_HAIR_2,153,10,8000,14,3
SUP_HAIR_3,SKU-OPT-0036,12.99,8063,1.94,0.168,seeded_country_baseline_not_live_ml,24,50,86.99,False,SKU-OPT-0036-SUP_HAIR_3,28,10,8000,14,3
SUP_HAIR_4,SKU-OPT-0036,5.44,8558,2.00,0.203,seeded_country_baseline_not_live_ml,48,18,74.23,False,SKU-OPT-0036-SUP_HAIR_4,76,10,8000,14,3
SUP_HAIR_5,SKU-OPT-0036,8.42,7851,2.00,0.1397,seeded_country_baseline_not_live_ml,400,61,83.77,False,SKU-OPT-0036-SUP_HAIR_5,480,10,8000,14,3
SUP_HAIR_6,SKU-OPT-0036,6.88,5606,1.44,0.1226,seeded_country_baseline_not_live_ml,168,74,80.90,False,SKU-OPT-0036-SUP_HAIR_6,268,10,8000,14,3
SUP_RISK_HAIRYSAN,SKU-OPT-0036,8.24,5600,1.75,0.1224,seeded_country_baseline_not_live_ml,36,47,90.59,False,SKU-OPT-0036-SUP_RISK_HAIRYSAN,50,10,8000,14,3
SUP_RISK_POLYSYTH,SKU-OPT-0036,12.65,8739,2.38,0.1802,seeded_country_baseline_not_live_ml,60,54,78.49,False,SKU-OPT-0036-SUP_RISK_POLYSYTH,84,10,8000,14,3
SUP_HAIR_1,SKU-OPT-0037,9.93,7983,2.36,0.1174,seeded_country_baseline_not_live_ml,60,60,98.61,True,SKU-OPT-0037-SUP_HAIR_1,96,10,8000,14,3
SUP_HAIR_2,SKU-OPT-0037,6.00,7916,2.05,0.194,seeded_country_baseline_not_live_ml,60,43,87.84,False,SKU-OPT-0037-SUP_HAIR_2,90,10,8000,14,3
SUP_HAIR_3,SKU-OPT-0037,6.90,8063,1.98,0.1653,seeded_country_baseline_not_live_ml,96,50,75.95,False,SKU-OPT-0037-SUP_HAIR_3,115,10,8000,14,3
SUP_HAIR_4,SKU-OPT-0037,10.46,8558,2.01,0.1957,seeded_country_baseline_not_live_ml,12,18,88.72,False,SKU-OPT-0037-SUP_HAIR_4,16,10,8000,14,3
SUP_HAIR_5,SKU-OPT-0037,8.72,7851,1.94,0.1635,seeded_country_baseline_not_live_ml,300,61,85.06,False,SKU-OPT-0037-SUP_HAIR_5,480,10,8000,14,3
SUP_HAIR_6,SKU-OPT-0037,7.00,5606,1.71,0.1341,seeded_country_baseline_not_live_ml,300,74,82.22,False,SKU-OPT-0037-SUP_HAIR_6,420,10,8000,14,3
SUP_RISK_HAIRYSAN,SKU-OPT-0037,9.21,5600,1.64,0.1518,seeded_country_baseline_not_live_ml,400,47,90.52,False,SKU-OPT-0037-SUP_RISK_HAIRYSAN,600,10,8000,14,3
SUP_RISK_POLYSYTH,SKU-OPT-0037,6.05,8739,2.58,0.2088,seeded_country_baseline_not_live_ml,168,54,84.70,False,SKU-OPT-0037-SUP_RISK_POLYSYTH,218,10,8000,14,3
SUP_HAIR_1,SKU-OPT-0038,6.96,7983,1.91,0.1126,seeded_country_baseline_not_live_ml,12,60,88.36,True,SKU-OPT-0038-SUP_HAIR_1,15,10,8000,14,3
SUP_HAIR_2,SKU-OPT-0038,13.17,7916,2.42,0.1808,seeded_country_baseline_not_live_ml,72,43,93.20,False,SKU-OPT-0038-SUP_HAIR_2,100,10,8000,14,3
SUP_HAIR_3,SKU-OPT-0038,12.21,8063,2.24,0.201,seeded_country_baseline_not_live_ml,120,50,83.75,False,SKU-OPT-0038-SUP_HAIR_3,144,10,8000,14,3
SUP_HAIR_4,SKU-OPT-0038,12.53,8558,2.48,0.1872,seeded_country_baseline_not_live_ml,144,18,83.72,False,SKU-OPT-0038-SUP_HAIR_4,172,10,8000,14,3
SUP_HAIR_5,SKU-OPT-0038,6.33,7851,2.39,0.187,seeded_country_baseline_not_live_ml,100,61,78.07,False,SKU-OPT-0038-SUP_HAIR_5,150,10,8000,14,3
SUP_HAIR_6,SKU-OPT-0038,7.25,5606,1.68,0.142,seeded_country_baseline_not_live_ml,100,74,77.22,False,SKU-OPT-0038-SUP_HAIR_6,120,10,8000,14,3
SUP_RISK_HAIRYSAN,SKU-OPT-0038,11.29,5600,1.41,0.1287,seeded_country_baseline_not_live_ml,48,47,75.46,False,SKU-OPT-0038-SUP_RISK_HAIRYSAN,72,10,8000,14,3
SUP_RISK_POLYSYTH,SKU-OPT-0038,5.18,8739,2.60,0.1694,seeded_country_baseline_not_live_ml,144,54,80.56,False,SKU-OPT-0038-SUP_RISK_POLYSYTH,230,10,8000,14,3
SUP_HAIR_1,SKU-OPT-0039,13.74,7983,2.22,0.1174,seeded_country_baseline_not_live_ml,48,60,85.93,True,SKU-OPT-0039-SUP_HAIR_1,67,10,8000,14,3
SUP_HAIR_2,SKU-OPT-0039,8.31,7916,1.93,0.215,seeded_country_baseline_not_live_ml,24,43,89.17,False,SKU-OPT-0039-SUP_HAIR_2,33,10,8000,14,3
SUP_HAIR_3,SKU-OPT-0039,14.81,8063,2.24,0.2189,seeded_country_baseline_not_live_ml,300,50,77.53,False,SKU-OPT-0039-SUP_HAIR_3,480,10,8000,14,3
SUP_HAIR_4,SKU-OPT-0039,6.31,8558,1.96,0.1721,seeded_country_baseline_not_live_ml,72,18,96.82,False,SKU-OPT-0039-SUP_HAIR_4,93,10,8000,14,3
SUP_HAIR_5,SKU-OPT-0039,14.96,7851,1.92,0.146,seeded_country_baseline_not_live_ml,120,61,93.59,False,SKU-OPT-0039-SUP_HAIR_5,192,10,8000,14,3
SUP_HAIR_6,SKU-OPT-0039,13.83,5606,1.69,0.1203,seeded_country_baseline_not_live_ml,100,74,94.78,False,SKU-OPT-0039-SUP_HAIR_6,120,10,8000,14,3
SUP_RISK_HAIRYSAN,SKU-OPT-0039,5.40,5600,1.95,0.1364,seeded_country_baseline_not_live_ml,500,47,81.25,False,SKU-OPT-0039-SUP_RISK_HAIRYSAN,600,10,8000,14,3
SUP_RISK_POLYSYTH,SKU-OPT-0039,10.92,8739,2.06,0.1535,seeded_country_baseline_not_live_ml,168,54,80.20,False,SKU-OPT-0039-SUP_RISK_POLYSYTH,252,10,8000,14,3
SUP_HAIR_1,SKU-OPT-0040,12.32,7983,2.02,0.1212,seeded_country_baseline_not_live_ml,120,60,78.49,True,SKU-OPT-0040-SUP_HAIR_1,144,10,8000,14,3
SUP_HAIR_2,SKU-OPT-0040,10.53,7916,1.97,0.219,seeded_country_baseline_not_live_ml,48,43,92.84,False,SKU-OPT-0040-SUP_HAIR_2,57,10,8000,14,3
SUP_HAIR_3,SKU-OPT-0040,7.50,8063,2.32,0.1628,seeded_country_baseline_not_live_ml,100,50,89.49,False,SKU-OPT-0040-SUP_HAIR_3,140,10,8000,14,3
SUP_HAIR_4,SKU-OPT-0040,7.36,8558,2.13,0.2106,seeded_country_baseline_not_live_ml,168,18,79.49,False,SKU-OPT-0040-SUP_HAIR_4,201,10,8000,14,3
SUP_HAIR_5,SKU-OPT-0040,5.76,7851,2.20,0.1515,seeded_country_baseline_not_live_ml,168,61,85.68,False,SKU-OPT-0040-SUP_HAIR_5,218,10,8000,14,3
SUP_HAIR_6,SKU-OPT-0040,9.08,5606,1.78,0.1273,seeded_country_baseline_not_live_ml,100,74,88.95,False,SKU-OPT-0040-SUP_HAIR_6,160,10,8000,14,3
SUP_RISK_HAIRYSAN,SKU-OPT-0040,11.38,5600,1.85,0.153,seeded_country_baseline_not_live_ml,120,47,80.52,False,SKU-OPT-0040-SUP_RISK_HAIRYSAN,180,10,8000,14,3
SUP_RISK_POLYSYTH,SKU-OPT-0040,13.13,8739,2.12,0.1606,seeded_country_baseline_not_live_ml,36,54,86.00,False,SKU-OPT-0040-SUP_RISK_POLYSYTH,46,10,8000,14,3
SUP_HAIR_1,SKU-OPT-0041,12.55,7983,2.04,0.1226,seeded_country_baseline_not_live_ml,12,60,86.27,True,SKU-OPT-0041-SUP_HAIR_1,15,10,8000,14,3
SUP_HAIR_2,SKU-OPT-0041,8.91,7916,1.95,0.1934,seeded_country_baseline_not_live_ml,500,43,78.93,False,SKU-OPT-0041-SUP_HAIR_2,600,10,8000,14,3
SUP_HAIR_3,SKU-OPT-0041,10.36,8063,2.46,0.168,seeded_country_baseline_not_live_ml,24,50,74.19,False,SKU-OPT-0041-SUP_HAIR_3,33,10,8000,14,3
SUP_HAIR_4,SKU-OPT-0041,10.88,8558,2.57,0.1604,seeded_country_baseline_not_live_ml,500,18,74.80,False,SKU-OPT-0041-SUP_HAIR_4,750,10,8000,14,3
SUP_HAIR_5,SKU-OPT-0041,5.17,7851,2.20,0.1841,seeded_country_baseline_not_live_ml,144,61,76.63,False,SKU-OPT-0041-SUP_HAIR_5,187,10,8000,14,3
SUP_HAIR_6,SKU-OPT-0041,13.02,5606,1.49,0.1474,seeded_country_baseline_not_live_ml,250,74,94.12,False,SKU-OPT-0041-SUP_HAIR_6,400,10,8000,14,3
SUP_RISK_HAIRYSAN,SKU-OPT-0041,13.29,5600,1.38,0.1238,seeded_country_baseline_not_live_ml,168,47,97.84,False,SKU-OPT-0041-SUP_RISK_HAIRYSAN,235,10,8000,14,3
SUP_RISK_POLYSYTH,SKU-OPT-0041,7.85,8739,2.20,0.2038,seeded_country_baseline_not_live_ml,60,54,86.71,False,SKU-OPT-0041-SUP_RISK_POLYSYTH,90,10,8000,14,3
SUP_HAIR_1,SKU-OPT-0042,7.93,7983,1.93,0.1081,seeded_country_baseline_not_live_ml,500,60,99.02,True,SKU-OPT-0042-SUP_HAIR_1,800,10,8000,14,3
SUP_HAIR_2,SKU-OPT-0042,11.20,7916,2.05,0.2176,seeded_country_baseline_not_live_ml,60,43,77.46,False,SKU-OPT-0042-SUP_HAIR_2,84,10,8000,14,3
SUP_HAIR_3,SKU-OPT-0042,6.05,8063,2.01,0.2067,seeded_country_baseline_not_live_ml,36,50,95.47,False,SKU-OPT-0042-SUP_HAIR_3,57,10,8000,14,3
SUP_HAIR_4,SKU-OPT-0042,8.79,8558,2.18,0.1985,seeded_country_baseline_not_live_ml,250,18,90.41,False,SKU-OPT-0042-SUP_HAIR_4,300,10,8000,14,3
SUP_HAIR_5,SKU-OPT-0042,5.49,7851,1.90,0.1744,seeded_country_baseline_not_live_ml,100,61,96.33,False,SKU-OPT-0042-SUP_HAIR_5,140,10,8000,14,3
SUP_HAIR_6,SKU-OPT-0042,14.41,5606,1.89,0.1551,seeded_country_baseline_not_live_ml,60,74,94.72,False,SKU-OPT-0042-SUP_HAIR_6,78,10,8000,14,3
SUP_RISK_HAIRYSAN,SKU-OPT-0042,14.85,5600,1.65,0.1439,seeded_country_baseline_not_live_ml,60,47,76.44,False,SKU-OPT-0042-SUP_RISK_HAIRYSAN,72,10,8000,14,3
SUP_RISK_POLYSYTH,SKU-OPT-0042,9.13,8739,2.40,0.1503,seeded_country_baseline_not_live_ml,120,54,85.20,False,SKU-OPT-0042-SUP_RISK_POLYSYTH,192,10,8000,14,3
SUP_HAIR_1,SKU-OPT-0043,8.65,7983,2.37,0.127,seeded_country_baseline_not_live_ml,24,60,87.15,True,SKU-OPT-0043-SUP_HAIR_1,33,10,8000,14,3
SUP_HAIR_2,SKU-OPT-0043,9.37,7916,1.81,0.1822,seeded_country_baseline_not_live_ml,500,43,76.97,False,SKU-OPT-0043-SUP_HAIR_2,800,10,8000,14,3
SUP_HAIR_3,SKU-OPT-0043,11.38,8063,2.07,0.2193,seeded_country_baseline_not_live_ml,12,50,74.74,False,SKU-OPT-0043-SUP_HAIR_3,16,10,8000,14,3
SUP_HAIR_4,SKU-OPT-0043,10.34,8558,2.39,0.2059,seeded_country_baseline_not_live_ml,24,18,85.08,False,SKU-OPT-0043-SUP_HAIR_4,38,10,8000,14,3
SUP_HAIR_5,SKU-OPT-0043,5.90,7851,1.79,0.1948,seeded_country_baseline_not_live_ml,60,61,93.77,False,SKU-OPT-0043-SUP_HAIR_5,90,10,8000,14,3
SUP_HAIR_6,SKU-OPT-0043,7.83,5606,1.95,0.1512,seeded_country_baseline_not_live_ml,400,74,73.16,False,SKU-OPT-0043-SUP_HAIR_6,560,10,8000,14,3
SUP_RISK_HAIRYSAN,SKU-OPT-0043,13.58,5600,1.47,0.1511,seeded_country_baseline_not_live_ml,24,47,87.22,False,SKU-OPT-0043-SUP_RISK_HAIRYSAN,36,10,8000,14,3
SUP_RISK_POLYSYTH,SKU-OPT-0043,9.77,8739,2.56,0.1717,seeded_country_baseline_not_live_ml,120,54,73.41,False,SKU-OPT-0043-SUP_RISK_POLYSYTH,156,10,8000,14,3
SUP_HAIR_1,SKU-OPT-0044,14.63,7983,1.95,0.1006,seeded_country_baseline_not_live_ml,250,60,87.37,True,SKU-OPT-0044-SUP_HAIR_1,375,10,8000,14,3
SUP_HAIR_2,SKU-OPT-0044,6.47,7916,2.44,0.2228,seeded_country_baseline_not_live_ml,144,43,89.35,False,SKU-OPT-0044-SUP_HAIR_2,230,10,8000,14,3
SUP_HAIR_3,SKU-OPT-0044,5.18,8063,1.92,0.2223,seeded_country_baseline_not_live_ml,250,50,95.18,False,SKU-OPT-0044-SUP_HAIR_3,400,10,8000,14,3
SUP_HAIR_4,SKU-OPT-0044,6.02,8558,2.24,0.1561,seeded_country_baseline_not_live_ml,400,18,78.24,False,SKU-OPT-0044-SUP_HAIR_4,560,10,8000,14,3
SUP_HAIR_5,SKU-OPT-0044,13.96,7851,2.19,0.1459,seeded_country_baseline_not_live_ml,250,61,84.24,False,SKU-OPT-0044-SUP_HAIR_5,375,10,8000,14,3
SUP_HAIR_6,SKU-OPT-0044,6.22,5606,1.69,0.1148,seeded_country_baseline_not_live_ml,168,74,77.76,False,SKU-OPT-0044-SUP_HAIR_6,235,10,8000,14,3
SUP_RISK_HAIRYSAN,SKU-OPT-0044,12.40,5600,1.66,0.1634,seeded_country_baseline_not_live_ml,48,47,96.06,False,SKU-OPT-0044-SUP_RISK_HAIRYSAN,57,10,8000,14,3
SUP_RISK_POLYSYTH,SKU-OPT-0044,14.33,8739,2.38,0.1818,seeded_country_baseline_not_live_ml,168,54,92.46,False,SKU-OPT-0044-SUP_RISK_POLYSYTH,252,10,8000,14,3
SUP_HAIR_1,SKU-OPT-0045,13.38,7983,2.19,0.1267,seeded_country_baseline_not_live_ml,250,60,86.21,True,SKU-OPT-0045-SUP_HAIR_1,300,10,8000,14,3
SUP_HAIR_2,SKU-OPT-0045,14.17,7916,2.15,0.2326,seeded_country_baseline_not_live_ml,400,43,89.14,False,SKU-OPT-0045-SUP_HAIR_2,480,10,8000,14,3
SUP_HAIR_3,SKU-OPT-0045,10.39,8063,1.88,0.1957,seeded_country_baseline_not_live_ml,168,50,86.50,False,SKU-OPT-0045-SUP_HAIR_3,201,10,8000,14,3
SUP_HAIR_4,SKU-OPT-0045,9.73,8558,2.25,0.1897,seeded_country_baseline_not_live_ml,500,18,81.08,False,SKU-OPT-0045-SUP_HAIR_4,650,10,8000,14,3
SUP_HAIR_5,SKU-OPT-0045,8.75,7851,2.19,0.1839,seeded_country_baseline_not_live_ml,12,61,73.40,False,SKU-OPT-0045-SUP_HAIR_5,19,10,8000,14,3
SUP_HAIR_6,SKU-OPT-0045,11.37,5606,1.92,0.1564,seeded_country_baseline_not_live_ml,100,74,87.79,False,SKU-OPT-0045-SUP_HAIR_6,150,10,8000,14,3
SUP_RISK_HAIRYSAN,SKU-OPT-0045,10.16,5600,1.54,0.1602,seeded_country_baseline_not_live_ml,168,47,92.69,False,SKU-OPT-0045-SUP_RISK_HAIRYSAN,218,10,8000,14,3
SUP_RISK_POLYSYTH,SKU-OPT-0045,10.69,8739,2.41,0.2101,seeded_country_baseline_not_live_ml,500,54,98.03,False,SKU-OPT-0045-SUP_RISK_POLYSYTH,800,10,8000,14,3
SUP_HAIR_1,SKU-OPT-0046,12.76,7983,1.94,0.1088,seeded_country_baseline_not_live_ml,48,60,82.81,True,SKU-OPT-0046-SUP_HAIR_1,62,10,8000,14,3
SUP_HAIR_2,SKU-OPT-0046,7.58,7916,1.98,0.1878,seeded_country_baseline_not_live_ml,100,43,86.64,False,SKU-OPT-0046-SUP_HAIR_2,120,10,8000,14,3
SUP_HAIR_3,SKU-OPT-0046,5.21,8063,2.29,0.1841,seeded_country_baseline_not_live_ml,500,50,96.16,False,SKU-OPT-0046-SUP_HAIR_3,700,10,8000,14,3
SUP_HAIR_4,SKU-OPT-0046,7.46,8558,2.06,0.1957,seeded_country_baseline_not_live_ml,400,18,91.64,False,SKU-OPT-0046-SUP_HAIR_4,520,10,8000,14,3
SUP_HAIR_5,SKU-OPT-0046,13.95,7851,1.98,0.1969,seeded_country_baseline_not_live_ml,96,61,95.92,False,SKU-OPT-0046-SUP_HAIR_5,134,10,8000,14,3
SUP_HAIR_6,SKU-OPT-0046,8.94,5606,1.76,0.148,seeded_country_baseline_not_live_ml,500,74,80.39,False,SKU-OPT-0046-SUP_HAIR_6,800,10,8000,14,3
SUP_RISK_HAIRYSAN,SKU-OPT-0046,9.79,5600,1.48,0.1406,seeded_country_baseline_not_live_ml,300,47,86.51,False,SKU-OPT-0046-SUP_RISK_HAIRYSAN,390,10,8000,14,3
SUP_RISK_POLYSYTH,SKU-OPT-0046,11.80,8739,2.10,0.1611,seeded_country_baseline_not_live_ml,24,54,98.60,False,SKU-OPT-0046-SUP_RISK_POLYSYTH,31,10,8000,14,3
SUP_LEG_1,SKU-OPT-0066,2.30,6286,1.96,0.1906,seeded_country_baseline_not_live_ml,120,47,91.63,True,SKU-OPT-0066-SUP_LEG_1,156,10,8000,14,3
SUP_LEG_2,SKU-OPT-0066,2.89,7660,2.38,0.1932,seeded_country_baseline_not_live_ml,200,51,78.96,False,SKU-OPT-0066-SUP_LEG_2,280,10,8000,14,3
SUP_LIMB_1,SKU-OPT-0066,2.86,1369,0.92,0.0,seeded_country_baseline_not_live_ml,300,82,77.95,False,SKU-OPT-0066-SUP_LIMB_1,390,10,8000,14,3
SUP_LIMB_2,SKU-OPT-0066,2.77,7689,2.06,0.2094,seeded_country_baseline_not_live_ml,300,51,97.58,False,SKU-OPT-0066-SUP_LIMB_2,480,10,8000,14,3
SUP_LIMB_3,SKU-OPT-0066,2.85,6214,1.80,0.207,seeded_country_baseline_not_live_ml,72,23,77.13,False,SKU-OPT-0066-SUP_LIMB_3,86,10,8000,14,3
SUP_LEG_1,SKU-OPT-0067,2.59,6286,1.58,0.2282,seeded_country_baseline_not_live_ml,72,47,94.91,True,SKU-OPT-0067-SUP_LEG_1,115,10,8000,14,3
SUP_LEG_2,SKU-OPT-0067,2.37,7660,2.21,0.2,seeded_country_baseline_not_live_ml,120,51,79.76,False,SKU-OPT-0067-SUP_LEG_2,192,10,8000,14,3
SUP_LIMB_1,SKU-OPT-0067,2.58,1369,0.50,0.0,seeded_country_baseline_not_live_ml,36,82,74.84,False,SKU-OPT-0067-SUP_LIMB_1,54,10,8000,14,3
SUP_LIMB_2,SKU-OPT-0067,2.49,7689,1.88,0.215,seeded_country_baseline_not_live_ml,500,51,86.91,False,SKU-OPT-0067-SUP_LIMB_2,750,10,8000,14,3
SUP_LIMB_3,SKU-OPT-0067,2.18,6214,1.56,0.1666,seeded_country_baseline_not_live_ml,200,23,73.53,False,SKU-OPT-0067-SUP_LIMB_3,320,10,8000,14,3
SUP_LEG_1,SKU-OPT-0068,2.69,6286,1.55,0.1868,seeded_country_baseline_not_live_ml,120,47,85.98,True,SKU-OPT-0068-SUP_LEG_1,180,10,8000,14,3
SUP_LEG_2,SKU-OPT-0068,2.60,7660,1.74,0.1852,seeded_country_baseline_not_live_ml,500,51,89.49,False,SKU-OPT-0068-SUP_LEG_2,650,10,8000,14,3
SUP_LIMB_1,SKU-OPT-0068,2.84,1369,0.66,0.0,seeded_country_baseline_not_live_ml,60,82,93.85,False,SKU-OPT-0068-SUP_LIMB_1,72,10,8000,14,3
SUP_LIMB_2,SKU-OPT-0068,1.90,7689,2.01,0.1726,seeded_country_baseline_not_live_ml,24,51,90.14,False,SKU-OPT-0068-SUP_LIMB_2,36,10,8000,14,3
SUP_LIMB_3,SKU-OPT-0068,2.38,6214,1.84,0.178,seeded_country_baseline_not_live_ml,200,23,81.07,False,SKU-OPT-0068-SUP_LIMB_3,320,10,8000,14,3
SUP_HEAD_1,SKU-OPT-0069,11.34,1473,0.80,0.0,seeded_country_baseline_not_live_ml,24,24,97.88,True,SKU-OPT-0069-SUP_HEAD_1,33,10,8000,14,3
SUP_HEAD_2,SKU-OPT-0069,13.89,7663,2.30,0.2092,seeded_country_baseline_not_live_ml,400,58,95.08,False,SKU-OPT-0069-SUP_HEAD_2,640,10,8000,14,3
SUP_HEAD_3,SKU-OPT-0069,18.41,6363,2.15,0.19,seeded_country_baseline_not_live_ml,48,85,94.01,False,SKU-OPT-0069-SUP_HEAD_3,62,10,8000,14,3
SUP_RISK_SILICA,SKU-OPT-0069,18.03,4724,1.36,0.1356,seeded_country_baseline_not_live_ml,96,39,79.23,False,SKU-OPT-0069-SUP_RISK_SILICA,124,10,8000,14,3
SUP_HEAD_1,SKU-OPT-0070,12.81,1473,0.89,0.0,seeded_country_baseline_not_live_ml,144,24,80.40,True,SKU-OPT-0070-SUP_HEAD_1,187,10,8000,14,3
SUP_HEAD_2,SKU-OPT-0070,17.54,7663,2.21,0.2356,seeded_country_baseline_not_live_ml,200,58,89.27,False,SKU-OPT-0070-SUP_HEAD_2,300,10,8000,14,3
SUP_HEAD_3,SKU-OPT-0070,21.31,6363,2.00,0.1724,seeded_country_baseline_not_live_ml,72,85,76.90,False,SKU-OPT-0070-SUP_HEAD_3,115,10,8000,14,3
SUP_RISK_SILICA,SKU-OPT-0070,13.44,4724,1.19,0.1094,seeded_country_baseline_not_live_ml,24,39,97.40,False,SKU-OPT-0070-SUP_RISK_SILICA,31,10,8000,14,3
SUP_HEAD_1,SKU-OPT-0071,18.41,1473,0.96,0.0,seeded_country_baseline_not_live_ml,144,24,79.99,True,SKU-OPT-0071-SUP_HEAD_1,230,10,8000,14,3
SUP_HEAD_2,SKU-OPT-0071,18.64,7663,1.97,0.2354,seeded_country_baseline_not_live_ml,168,58,81.36,False,SKU-OPT-0071-SUP_HEAD_2,218,10,8000,14,3
SUP_HEAD_3,SKU-OPT-0071,20.21,6363,1.98,0.205,seeded_country_baseline_not_live_ml,200,85,74.63,False,SKU-OPT-0071-SUP_HEAD_3,300,10,8000,14,3
SUP_RISK_SILICA,SKU-OPT-0071,19.08,4724,1.25,0.1156,seeded_country_baseline_not_live_ml,12,39,80.79,False,SKU-OPT-0071-SUP_RISK_SILICA,16,10,8000,14,3
SUP_RISK_SOFTBODY,TORSO_COMPLETED,47.75,201,0.21,0.0,seeded_country_baseline_not_live_ml,250,92,87.06,True,TORSO_COMPLETED-SUP_RISK_SOFTBODY,375,10,8000,14,3
SUP_TORSO_1,TORSO_COMPLETED,47.75,866,0.33,0.0,seeded_country_baseline_not_live_ml,72,86,95.42,False,TORSO_COMPLETED-SUP_TORSO_1,93,10,8000,14,3
SUP_TORSO_2,TORSO_COMPLETED,47.75,1514,1.05,0.0,seeded_country_baseline_not_live_ml,500,87,77.66,False,TORSO_COMPLETED-SUP_TORSO_2,700,10,8000,14,3
SUP_TORSO_3,TORSO_COMPLETED,47.75,7576,1.90,0.2302,seeded_country_baseline_not_live_ml,24,53,74.00,False,TORSO_COMPLETED-SUP_TORSO_3,28,10,8000,14,3
